CARD_ID_0000001,ACCOUNT__0000232,5500000000000004,CREDIT,2017-12-01,2025-08-26,ACTIVE
CARD_ID_0000002,ACCOUNT__0000012,4111111111111152,DEBIT,2021-06-18,2022-08-03,EXPIRED
CARD_ID_0000003,ACCOUNT__0000125,5500000000000020,DEBIT,2019-07-10,2024-10-21,BLOCKED
CARD_ID_0000004,ACCOUNT__0000237,4111111111111137,CREDIT,2021-03-13,2022-09-13,ACTIVE
CARD_ID_0000005,ACCOUNT__0000222,5500000000000004,DEBIT,2020-03-09,2024-12-26,BLOCKED
CARD_ID_0000006,ACCOUNT__0000200,4111111111111111,DEBIT,2018-10-27,2023-03-25,EXPIRED
CARD_ID_0000007,ACCOUNT__0000033,5500000000000020,DEBIT,2019-09-20,2023-06-30,ACTIVE
CARD_ID_0000008,ACCOUNT__0000235,4111111111111129,CREDIT,2020-08-16,2025-04-01,BLOCKED
CARD_ID_0000009,ACCOUNT__0000199,4111111111111145,DEBIT,2019-08-14,2023-08-22,BLOCKED
CARD_ID_0000010,ACCOUNT__0000089,4111111111111152,CREDIT,2021-02-10,2024-12-22,ACTIVE
CARD_ID_0000011,ACCOUNT__0000069,5500000000000004,DEBIT,2019-05-19,2022-04-28,ACTIVE
CARD_ID_0000012,ACCOUNT__0000192,4111111111111145,CREDIT,2020-01-05,2025-01-04,ACTIVE
CARD_ID_0000013,ACCOUNT__0000295,5500000000000004,DEBIT,2020-05-24,2025-03-25,EXPIRED
CARD_ID_0000014,ACCOUNT__0000089,5500000000000020,CREDIT,2019-04-15,2022-06-15,ACTIVE
CARD_ID_0000015,ACCOUNT__0000162,4111111111111152,DEBIT,2019-09-06,2021-09-20,BLOCKED
CARD_ID_0000016,ACCOUNT__0000070,4111111111111129,CREDIT,2020-10-25,2024-07-02,EXPIRED
CARD_ID_0000017,ACCOUNT__0000254,5500000000000012,CREDIT,2019-12-31,2025-08-25,BLOCKED
CARD_ID_0000018,ACCOUNT__0000251,4111111111111129,DEBIT,2021-12-07,2022-11-26,BLOCKED
CARD_ID_0000019,ACCOUNT__0000017,4111111111111137,CREDIT,2018-08-11,2026-01-16,BLOCKED
CARD_ID_0000020,ACCOUNT__0000290,5500000000000038,CREDIT,2020-09-30,2024-07-13,ACTIVE
CARD_ID_0000021,ACCOUNT__0000294,4111111111111129,CREDIT,2020-09-15,2025-11-28,ACTIVE
CARD_ID_0000022,ACCOUNT__0000226,5500000000000020,CREDIT,2018-03-29,2025-10-17,EXPIRED
CARD_ID_0000023,ACCOUNT__0000127,4111111111111137,DEBIT,2020-03-10,2023-02-21,BLOCKED
CARD_ID_0000024,ACCOUNT__0000045,5500000000000012,DEBIT,2022-01-06,2022-12-30,ACTIVE
CARD_ID_0000025,ACCOUNT__0000180,4111111111111152,CREDIT,2018-08-06,2025-02-13,ACTIVE
CARD_ID_0000026,ACCOUNT__0000106,4111111111111152,DEBIT,2020-11-11,2023-08-20,EXPIRED
CARD_ID_0000027,ACCOUNT__0000144,5500000000000020,DEBIT,2019-06-25,2025-08-12,BLOCKED
CARD_ID_0000028,ACCOUNT__0000149,5500000000000020,DEBIT,2018-06-05,2025-11-15,BLOCKED
CARD_ID_0000029,ACCOUNT__0000031,5500000000000046,DEBIT,2021-08-07,2022-05-30,ACTIVE
CARD_ID_0000030,ACCOUNT__0000075,5500000000000038,DEBIT,2021-12-08,2025-06-16,BLOCKED
CARD_ID_0000031,ACCOUNT__0000251,4111111111111129,CREDIT,2021-03-09,2023-12-28,BLOCKED
CARD_ID_0000032,ACCOUNT__0000232,4111111111111111,DEBIT,2019-12-05,2024-07-22,EXPIRED
CARD_ID_0000033,ACCOUNT__0000143,4111111111111145,CREDIT,2020-03-20,2024-05-27,BLOCKED
CARD_ID_0000034,ACCOUNT__0000298,4111111111111111,DEBIT,2021-10-06,2024-03-27,EXPIRED
CARD_ID_0000035,ACCOUNT__0000184,4111111111111152,CREDIT,2018-11-21,2024-01-28,ACTIVE
CARD_ID_0000036,ACCOUNT__0000254,4111111111111137,CREDIT,2019-07-24,2024-09-25,EXPIRED
CARD_ID_0000037,ACCOUNT__0000067,5500000000000020,CREDIT,2022-02-01,2023-08-05,EXPIRED
CARD_ID_0000038,ACCOUNT__0000025,4111111111111111,CREDIT,2017-10-04,2022-05-13,ACTIVE
CARD_ID_0000039,ACCOUNT__0000226,5500000000000012,CREDIT,2018-10-20,2025-07-12,ACTIVE
CARD_ID_0000040,ACCOUNT__0000155,4111111111111129,CREDIT,2018-03-11,2025-05-03,BLOCKED
CARD_ID_0000041,ACCOUNT__0000129,4111111111111111,DEBIT,2017-12-16,2023-11-21,EXPIRED
CARD_ID_0000042,ACCOUNT__0000157,5500000000000038,DEBIT,2020-01-28,2025-05-05,ACTIVE
CARD_ID_0000043,ACCOUNT__0000049,4111111111111111,CREDIT,2018-02-07,2022-05-30,EXPIRED
CARD_ID_0000044,ACCOUNT__0000116,5500000000000020,CREDIT,2017-09-20,2021-09-17,EXPIRED
CARD_ID_0000045,ACCOUNT__0000176,4111111111111152,CREDIT,2021-07-23,2022-05-29,BLOCKED
CARD_ID_0000046,ACCOUNT__0000037,4111111111111137,DEBIT,2021-10-06,2022-03-29,ACTIVE
CARD_ID_0000047,ACCOUNT__0000161,5500000000000004,CREDIT,2018-06-08,2023-10-24,ACTIVE
CARD_ID_0000048,ACCOUNT__0000074,4111111111111111,DEBIT,2021-02-01,2025-04-24,ACTIVE
CARD_ID_0000049,ACCOUNT__0000226,5500000000000004,DEBIT,2021-03-10,2025-11-11,ACTIVE
CARD_ID_0000050,ACCOUNT__0000211,4111111111111145,CREDIT,2018-11-19,2022-02-25,ACTIVE
CARD_ID_0000051,ACCOUNT__0000072,5500000000000038,CREDIT,2019-08-21,2024-01-28,BLOCKED
CARD_ID_0000052,ACCOUNT__0000072,4111111111111137,DEBIT,2019-01-22,2024-10-08,EXPIRED
CARD_ID_0000053,ACCOUNT__0000146,5500000000000038,DEBIT,2021-05-11,2023-05-11,ACTIVE
CARD_ID_0000054,ACCOUNT__0000266,4111111111111145,DEBIT,2021-11-10,2023-11-12,BLOCKED
CARD_ID_0000055,ACCOUNT__0000028,5500000000000038,DEBIT,2020-06-10,2023-10-31,ACTIVE
CARD_ID_0000056,ACCOUNT__0000124,5500000000000012,DEBIT,2020-08-17,2021-09-25,BLOCKED
CARD_ID_0000057,ACCOUNT__0000163,4111111111111129,CREDIT,2019-09-19,2024-09-23,EXPIRED
CARD_ID_0000058,ACCOUNT__0000089,5500000000000038,DEBIT,2017-10-05,2024-12-16,ACTIVE
CARD_ID_0000059,ACCOUNT__0000008,4111111111111137,DEBIT,2018-01-02,2023-11-25,EXPIRED
CARD_ID_0000060,ACCOUNT__0000147,4111111111111145,CREDIT,2020-01-16,2025-08-08,BLOCKED
CARD_ID_0000061,ACCOUNT__0000043,4111111111111145,DEBIT,2019-03-23,2022-02-19,BLOCKED
CARD_ID_0000062,ACCOUNT__0000041,5500000000000020,DEBIT,2018-07-16,2024-09-03,BLOCKED
CARD_ID_0000063,ACCOUNT__0000201,5500000000000020,DEBIT,2019-05-29,2025-08-01,BLOCKED
CARD_ID_0000064,ACCOUNT__0000123,4111111111111111,DEBIT,2020-02-07,2022-04-26,BLOCKED
CARD_ID_0000065,ACCOUNT__0000029,5500000000000004,DEBIT,2018-05-03,2021-09-26,EXPIRED
CARD_ID_0000066,ACCOUNT__0000071,5500000000000038,DEBIT,2020-06-13,2023-08-12,EXPIRED
CARD_ID_0000067,ACCOUNT__0000265,5500000000000038,CREDIT,2018-08-08,2023-10-02,ACTIVE
CARD_ID_0000068,ACCOUNT__0000138,5500000000000038,DEBIT,2021-12-28,2021-10-31,BLOCKED
CARD_ID_0000069,ACCOUNT__0000220,4111111111111137,DEBIT,2019-02-21,2025-08-29,EXPIRED
CARD_ID_0000070,ACCOUNT__0000040,5500000000000012,CREDIT,2017-12-23,2024-06-20,EXPIRED
CARD_ID_0000071,ACCOUNT__0000086,5500000000000004,CREDIT,2022-01-01,2022-03-30,EXPIRED
CARD_ID_0000072,ACCOUNT__0000060,4111111111111137,DEBIT,2017-11-30,2021-09-26,ACTIVE
CARD_ID_0000073,ACCOUNT__0000024,5500000000000012,CREDIT,2018-07-05,2022-09-02,ACTIVE
CARD_ID_0000074,ACCOUNT__0000284,4111111111111152,CREDIT,2018-12-04,2023-06-22,ACTIVE
CARD_ID_0000075,ACCOUNT__0000214,5500000000000046,CREDIT,2019-03-10,2022-02-07,EXPIRED
CARD_ID_0000076,ACCOUNT__0000191,4111111111111129,DEBIT,2018-09-03,2022-12-02,EXPIRED
CARD_ID_0000077,ACCOUNT__0000024,5500000000000046,DEBIT,2020-04-10,2023-04-02,BLOCKED
CARD_ID_0000078,ACCOUNT__0000168,4111111111111111,CREDIT,2017-09-17,2023-09-26,ACTIVE
CARD_ID_0000079,ACCOUNT__0000150,5500000000000020,CREDIT,2021-10-24,2025-02-27,ACTIVE
CARD_ID_0000080,ACCOUNT__0000238,5500000000000004,CREDIT,2021-12-31,2026-01-07,ACTIVE
CARD_ID_0000081,ACCOUNT__0000280,5500000000000038,DEBIT,2018-07-06,2021-09-14,BLOCKED
CARD_ID_0000082,ACCOUNT__0000013,4111111111111137,CREDIT,2021-03-26,2025-07-22,ACTIVE
CARD_ID_0000083,ACCOUNT__0000172,4111111111111111,CREDIT,2021-10-21,2025-09-29,BLOCKED
CARD_ID_0000084,ACCOUNT__0000054,4111111111111137,DEBIT,2020-01-08,2024-06-04,ACTIVE
CARD_ID_0000085,ACCOUNT__0000073,5500000000000038,DEBIT,2017-11-29,2022-12-19,EXPIRED
CARD_ID_0000086,ACCOUNT__0000212,5500000000000038,CREDIT,2020-03-27,2025-11-10,ACTIVE
CARD_ID_0000087,ACCOUNT__0000298,4111111111111111,DEBIT,2021-03-29,2023-11-17,ACTIVE
CARD_ID_0000088,ACCOUNT__0000291,4111111111111111,DEBIT,2018-12-29,2023-04-21,BLOCKED
CARD_ID_0000089,ACCOUNT__0000162,5500000000000046,CREDIT,2021-08-06,2025-10-16,BLOCKED
CARD_ID_0000090,ACCOUNT__0000163,5500000000000012,DEBIT,2018-01-31,2022-10-21,ACTIVE
CARD_ID_0000091,ACCOUNT__0000300,4111111111111129,DEBIT,2018-08-03,2024-03-09,BLOCKED
CARD_ID_0000092,ACCOUNT__0000161,5500000000000012,CREDIT,2021-12-26,2022-10-31,BLOCKED
CARD_ID_0000093,ACCOUNT__0000158,5500000000000012,DEBIT,2018-03-05,2022-07-20,EXPIRED
CARD_ID_0000094,ACCOUNT__0000156,4111111111111152,DEBIT,2018-11-15,2023-07-04,ACTIVE
CARD_ID_0000095,ACCOUNT__0000047,5500000000000038,CREDIT,2019-11-21,2024-07-18,ACTIVE
CARD_ID_0000096,ACCOUNT__0000154,4111111111111137,DEBIT,2017-11-03,2023-12-08,BLOCKED
CARD_ID_0000097,ACCOUNT__0000285,5500000000000038,DEBIT,2018-03-13,2024-04-04,ACTIVE
CARD_ID_0000098,ACCOUNT__0000072,4111111111111129,DEBIT,2022-01-17,2022-11-30,ACTIVE
CARD_ID_0000099,ACCOUNT__0000102,4111111111111152,CREDIT,2021-07-07,2025-03-14,EXPIRED
CARD_ID_0000100,ACCOUNT__0000044,5500000000000020,CREDIT,2018-02-01,2021-10-15,ACTIVE
CARD_ID_0000101,ACCOUNT__0000102,5500000000000046,CREDIT,2018-05-22,2022-03-08,BLOCKED
CARD_ID_0000102,ACCOUNT__0000063,4111111111111111,CREDIT,2017-12-13,2022-08-11,EXPIRED
CARD_ID_0000103,ACCOUNT__0000222,4111111111111152,CREDIT,2020-06-13,2021-10-31,BLOCKED
CARD_ID_0000104,ACCOUNT__0000219,4111111111111129,DEBIT,2018-09-19,2023-03-18,BLOCKED
CARD_ID_0000105,ACCOUNT__0000229,4111111111111152,DEBIT,2021-02-09,2025-02-20,EXPIRED
CARD_ID_0000106,ACCOUNT__0000126,4111111111111145,CREDIT,2019-12-23,2024-10-02,BLOCKED
CARD_ID_0000107,ACCOUNT__0000032,4111111111111111,CREDIT,2018-06-09,2024-01-07,ACTIVE
CARD_ID_0000108,ACCOUNT__0000270,4111111111111137,DEBIT,2019-10-24,2026-01-19,EXPIRED
CARD_ID_0000109,ACCOUNT__0000184,5500000000000012,CREDIT,2019-08-06,2024-11-02,EXPIRED
CARD_ID_0000110,ACCOUNT__0000165,5500000000000004,DEBIT,2017-10-24,2023-06-16,EXPIRED
CARD_ID_0000111,ACCOUNT__0000113,4111111111111111,CREDIT,2017-12-29,2024-04-24,EXPIRED
CARD_ID_0000112,ACCOUNT__0000184,5500000000000038,DEBIT,2018-07-24,2022-03-25,ACTIVE
CARD_ID_0000113,ACCOUNT__0000124,4111111111111137,DEBIT,2021-12-13,2022-11-24,EXPIRED
CARD_ID_0000114,ACCOUNT__0000199,5500000000000004,DEBIT,2018-08-27,2022-12-29,EXPIRED
CARD_ID_0000115,ACCOUNT__0000163,4111111111111152,CREDIT,2020-12-25,2021-10-28,EXPIRED
CARD_ID_0000116,ACCOUNT__0000181,5500000000000046,DEBIT,2020-10-28,2022-09-21,BLOCKED
CARD_ID_0000117,ACCOUNT__0000278,5500000000000004,CREDIT,2017-11-17,2022-03-04,ACTIVE
CARD_ID_0000118,ACCOUNT__0000120,4111111111111145,DEBIT,2020-08-14,2024-05-06,ACTIVE
CARD_ID_0000119,ACCOUNT__0000170,5500000000000046,DEBIT,2018-05-26,2023-07-30,EXPIRED
CARD_ID_0000120,ACCOUNT__0000091,5500000000000046,CREDIT,2017-12-31,2021-10-15,ACTIVE
CARD_ID_0000121,ACCOUNT__0000073,5500000000000038,CREDIT,2018-01-27,2023-10-06,EXPIRED
CARD_ID_0000122,ACCOUNT__0000203,5500000000000020,CREDIT,2019-05-12,2023-06-23,ACTIVE
CARD_ID_0000123,ACCOUNT__0000081,5500000000000038,CREDIT,2021-04-02,2024-05-25,EXPIRED
CARD_ID_0000124,ACCOUNT__0000163,4111111111111129,CREDIT,2018-12-02,2025-05-26,EXPIRED
CARD_ID_0000125,ACCOUNT__0000090,5500000000000004,CREDIT,2018-05-19,2022-08-30,EXPIRED
CARD_ID_0000126,ACCOUNT__0000001,5500000000000046,CREDIT,2021-12-27,2024-11-06,ACTIVE
CARD_ID_0000127,ACCOUNT__0000094,4111111111111145,DEBIT,2021-04-02,2024-11-02,ACTIVE
CARD_ID_0000128,ACCOUNT__0000255,4111111111111129,DEBIT,2019-01-01,2023-08-12,BLOCKED
CARD_ID_0000129,ACCOUNT__0000086,4111111111111145,DEBIT,2021-08-22,2025-06-04,EXPIRED
CARD_ID_0000130,ACCOUNT__0000172,5500000000000012,CREDIT,2018-11-04,2023-01-25,EXPIRED
CARD_ID_0000131,ACCOUNT__0000035,5500000000000004,DEBIT,2021-09-15,2021-09-03,ACTIVE
CARD_ID_0000132,ACCOUNT__0000198,5500000000000012,CREDIT,2018-08-07,2023-12-27,BLOCKED
CARD_ID_0000133,ACCOUNT__0000194,5500000000000004,CREDIT,2018-03-27,2024-05-09,EXPIRED
CARD_ID_0000134,ACCOUNT__0000116,4111111111111129,DEBIT,2017-11-08,2023-04-27,ACTIVE
CARD_ID_0000135,ACCOUNT__0000164,4111111111111137,DEBIT,2018-01-30,2023-08-02,ACTIVE
CARD_ID_0000136,ACCOUNT__0000193,4111111111111129,DEBIT,2020-09-25,2022-03-10,BLOCKED
CARD_ID_0000137,ACCOUNT__0000248,5500000000000038,CREDIT,2021-05-01,2022-08-04,EXPIRED
CARD_ID_0000138,ACCOUNT__0000223,4111111111111129,DEBIT,2019-07-11,2022-10-26,ACTIVE
CARD_ID_0000139,ACCOUNT__0000210,4111111111111145,CREDIT,2021-05-15,2023-03-31,BLOCKED
CARD_ID_0000140,ACCOUNT__0000122,4111111111111111,CREDIT,2020-11-14,2024-09-30,BLOCKED
CARD_ID_0000141,ACCOUNT__0000079,4111111111111111,DEBIT,2020-01-24,2022-02-27,BLOCKED
CARD_ID_0000142,ACCOUNT__0000246,4111111111111129,DEBIT,2018-10-29,2022-08-16,EXPIRED
CARD_ID_0000143,ACCOUNT__0000150,5500000000000046,CREDIT,2018-04-25,2023-05-25,BLOCKED
CARD_ID_0000144,ACCOUNT__0000242,5500000000000012,CREDIT,2018-03-06,2025-04-07,EXPIRED
CARD_ID_0000145,ACCOUNT__0000199,4111111111111129,CREDIT,2019-09-27,2022-09-18,BLOCKED
CARD_ID_0000146,ACCOUNT__0000023,4111111111111137,CREDIT,2019-02-22,2022-12-08,BLOCKED
CARD_ID_0000147,ACCOUNT__0000289,4111111111111111,DEBIT,2018-02-23,2025-05-31,BLOCKED
CARD_ID_0000148,ACCOUNT__0000278,5500000000000012,DEBIT,2020-10-08,2022-01-03,BLOCKED
CARD_ID_0000149,ACCOUNT__0000268,5500000000000012,CREDIT,2020-11-16,2022-12-27,BLOCKED
CARD_ID_0000150,ACCOUNT__0000154,4111111111111111,DEBIT,2020-06-25,2024-11-13,EXPIRED
CARD_ID_0000151,ACCOUNT__0000293,4111111111111145,DEBIT,2018-05-05,2025-11-29,BLOCKED
CARD_ID_0000152,ACCOUNT__0000089,5500000000000046,DEBIT,2018-11-08,2022-09-30,ACTIVE
CARD_ID_0000153,ACCOUNT__0000022,5500000000000012,CREDIT,2018-10-19,2025-03-08,ACTIVE
CARD_ID_0000154,ACCOUNT__0000133,5500000000000004,DEBIT,2018-02-26,2023-11-04,EXPIRED
CARD_ID_0000155,ACCOUNT__0000204,5500000000000020,CREDIT,2020-07-31,2024-03-27,ACTIVE
CARD_ID_0000156,ACCOUNT__0000268,5500000000000038,DEBIT,2019-12-28,2022-07-04,ACTIVE
CARD_ID_0000157,ACCOUNT__0000291,5500000000000020,DEBIT,2018-04-05,2024-10-27,ACTIVE
CARD_ID_0000158,ACCOUNT__0000147,4111111111111152,CREDIT,2019-12-21,2023-02-23,BLOCKED
CARD_ID_0000159,ACCOUNT__0000249,5500000000000020,CREDIT,2017-11-16,2022-08-19,BLOCKED
CARD_ID_0000160,ACCOUNT__0000207,4111111111111129,CREDIT,2017-11-19,2023-11-20,BLOCKED
CARD_ID_0000161,ACCOUNT__0000122,4111111111111111,CREDIT,2019-03-05,2023-10-03,ACTIVE
CARD_ID_0000162,ACCOUNT__0000173,4111111111111152,CREDIT,2019-05-30,2023-03-29,BLOCKED
CARD_ID_0000163,ACCOUNT__0000051,5500000000000046,DEBIT,2018-06-03,2023-05-09,EXPIRED
CARD_ID_0000164,ACCOUNT__0000227,5500000000000038,CREDIT,2019-03-06,2025-10-02,BLOCKED
CARD_ID_0000165,ACCOUNT__0000046,4111111111111129,DEBIT,2019-12-13,2025-10-27,BLOCKED
CARD_ID_0000166,ACCOUNT__0000265,4111111111111152,DEBIT,2020-07-22,2022-07-23,ACTIVE
CARD_ID_0000167,ACCOUNT__0000160,5500000000000038,CREDIT,2018-06-05,2026-01-16,EXPIRED
CARD_ID_0000168,ACCOUNT__0000292,4111111111111111,DEBIT,2018-10-17,2021-12-28,ACTIVE
CARD_ID_0000169,ACCOUNT__0000017,5500000000000012,CREDIT,2021-08-14,2022-10-13,BLOCKED
CARD_ID_0000170,ACCOUNT__0000189,4111111111111152,CREDIT,2021-03-25,2022-05-12,EXPIRED
CARD_ID_0000171,ACCOUNT__0000016,4111111111111137,CREDIT,2020-12-30,2024-03-02,ACTIVE
CARD_ID_0000172,ACCOUNT__0000243,5500000000000020,CREDIT,2019-08-07,2022-08-01,BLOCKED
CARD_ID_0000173,ACCOUNT__0000047,4111111111111137,CREDIT,2017-12-11,2022-07-31,EXPIRED
CARD_ID_0000174,ACCOUNT__0000110,4111111111111152,DEBIT,2021-06-19,2022-10-29,BLOCKED
CARD_ID_0000175,ACCOUNT__0000210,5500000000000020,DEBIT,2020-04-28,2022-05-29,EXPIRED
CARD_ID_0000176,ACCOUNT__0000089,4111111111111145,DEBIT,2018-12-03,2023-01-30,EXPIRED
CARD_ID_0000177,ACCOUNT__0000157,5500000000000038,CREDIT,2020-01-16,2023-10-12,BLOCKED
CARD_ID_0000178,ACCOUNT__0000236,4111111111111137,CREDIT,2019-05-12,2025-06-18,EXPIRED
CARD_ID_0000179,ACCOUNT__0000204,5500000000000020,DEBIT,2020-07-14,2025-05-19,BLOCKED
CARD_ID_0000180,ACCOUNT__0000288,4111111111111145,CREDIT,2019-05-05,2025-07-03,ACTIVE
CARD_ID_0000181,ACCOUNT__0000247,4111111111111111,CREDIT,2021-04-04,2023-06-28,BLOCKED
CARD_ID_0000182,ACCOUNT__0000134,4111111111111145,CREDIT,2018-09-21,2022-07-05,EXPIRED
CARD_ID_0000183,ACCOUNT__0000124,4111111111111152,CREDIT,2021-05-15,2023-06-17,EXPIRED
CARD_ID_0000184,ACCOUNT__0000072,5500000000000038,CREDIT,2019-04-29,2023-02-14,BLOCKED
CARD_ID_0000185,ACCOUNT__0000208,5500000000000004,DEBIT,2020-12-08,2025-08-21,EXPIRED
CARD_ID_0000186,ACCOUNT__0000098,5500000000000004,DEBIT,2021-07-07,2024-08-30,EXPIRED
CARD_ID_0000187,ACCOUNT__0000244,5500000000000046,CREDIT,2020-07-05,2023-05-08,ACTIVE
CARD_ID_0000188,ACCOUNT__0000286,4111111111111129,DEBIT,2020-04-22,2022-05-21,EXPIRED
CARD_ID_0000189,ACCOUNT__0000133,5500000000000038,DEBIT,2021-06-24,2023-07-20,EXPIRED
CARD_ID_0000190,ACCOUNT__0000046,4111111111111137,DEBIT,2021-11-03,2023-05-22,BLOCKED
CARD_ID_0000191,ACCOUNT__0000170,5500000000000004,CREDIT,2020-04-07,2022-04-30,BLOCKED
CARD_ID_0000192,ACCOUNT__0000028,4111111111111152,DEBIT,2020-04-25,2022-10-04,EXPIRED
CARD_ID_0000193,ACCOUNT__0000062,4111111111111152,CREDIT,2020-08-21,2023-05-05,BLOCKED
CARD_ID_0000194,ACCOUNT__0000028,4111111111111152,DEBIT,2018-06-09,2022-10-16,BLOCKED
CARD_ID_0000195,ACCOUNT__0000210,5500000000000046,CREDIT,2018-06-21,2023-06-10,EXPIRED
CARD_ID_0000196,ACCOUNT__0000093,5500000000000038,CREDIT,2019-07-14,2025-03-16,ACTIVE
CARD_ID_0000197,ACCOUNT__0000161,4111111111111145,DEBIT,2020-03-14,2023-03-15,ACTIVE
CARD_ID_0000198,ACCOUNT__0000087,5500000000000020,DEBIT,2020-05-30,2026-01-26,ACTIVE
CARD_ID_0000199,ACCOUNT__0000067,4111111111111145,CREDIT,2019-12-06,2024-01-27,BLOCKED
CARD_ID_0000200,ACCOUNT__0000197,4111111111111111,DEBIT,2021-10-06,2023-10-05,ACTIVE
CARD_ID_0000201,ACCOUNT__0000165,5500000000000038,DEBIT,2017-10-07,2025-06-17,ACTIVE
CARD_ID_0000202,ACCOUNT__0000128,4111111111111137,CREDIT,2019-06-02,2022-05-23,ACTIVE
CARD_ID_0000203,ACCOUNT__0000197,5500000000000020,CREDIT,2018-08-09,2022-01-12,ACTIVE
CARD_ID_0000204,ACCOUNT__0000153,5500000000000046,CREDIT,2021-09-30,2024-08-01,EXPIRED
CARD_ID_0000205,ACCOUNT__0000269,5500000000000004,DEBIT,2019-08-03,2024-05-31,BLOCKED
CARD_ID_0000206,ACCOUNT__0000097,4111111111111129,CREDIT,2017-10-10,2022-12-12,ACTIVE
CARD_ID_0000207,ACCOUNT__0000068,4111111111111137,DEBIT,2020-12-21,2024-06-30,ACTIVE
CARD_ID_0000208,ACCOUNT__0000064,5500000000000004,DEBIT,2019-10-09,2025-04-04,BLOCKED
CARD_ID_0000209,ACCOUNT__0000274,4111111111111145,DEBIT,2021-05-18,2022-04-10,EXPIRED
CARD_ID_0000210,ACCOUNT__0000011,4111111111111111,DEBIT,2020-01-02,2024-02-27,BLOCKED
CARD_ID_0000211,ACCOUNT__0000064,5500000000000020,CREDIT,2021-08-08,2022-07-11,ACTIVE
CARD_ID_0000212,ACCOUNT__0000005,5500000000000004,DEBIT,2021-05-19,2024-08-01,BLOCKED
CARD_ID_0000213,ACCOUNT__0000071,5500000000000012,DEBIT,2020-07-14,2025-09-12,EXPIRED
CARD_ID_0000214,ACCOUNT__0000061,4111111111111137,DEBIT,2020-06-16,2022-10-12,EXPIRED
CARD_ID_0000215,ACCOUNT__0000103,5500000000000038,DEBIT,2019-09-04,2025-08-11,BLOCKED
CARD_ID_0000216,ACCOUNT__0000152,4111111111111129,CREDIT,2018-10-31,2025-07-11,BLOCKED
CARD_ID_0000217,ACCOUNT__0000170,4111111111111137,DEBIT,2021-06-07,2022-03-02,ACTIVE
CARD_ID_0000218,ACCOUNT__0000294,4111111111111145,DEBIT,2018-03-04,2026-01-14,EXPIRED
CARD_ID_0000219,ACCOUNT__0000039,5500000000000038,DEBIT,2019-02-07,2025-04-12,ACTIVE
CARD_ID_0000220,ACCOUNT__0000234,5500000000000046,CREDIT,2019-02-23,2024-04-08,ACTIVE
CARD_ID_0000221,ACCOUNT__0000052,4111111111111152,DEBIT,2019-04-19,2023-09-08,EXPIRED
CARD_ID_0000222,ACCOUNT__0000161,5500000000000012,DEBIT,2018-03-14,2025-12-01,ACTIVE
CARD_ID_0000223,ACCOUNT__0000005,4111111111111152,DEBIT,2019-07-06,2023-09-03,BLOCKED
CARD_ID_0000224,ACCOUNT__0000138,4111111111111152,DEBIT,2019-10-04,2023-08-03,ACTIVE
CARD_ID_0000225,ACCOUNT__0000059,5500000000000012,CREDIT,2019-03-11,2023-10-30,EXPIRED
CARD_ID_0000226,ACCOUNT__0000245,5500000000000038,DEBIT,2018-04-20,2022-05-30,EXPIRED
CARD_ID_0000227,ACCOUNT__0000031,5500000000000046,DEBIT,2018-04-01,2024-01-01,EXPIRED
CARD_ID_0000228,ACCOUNT__0000248,4111111111111152,CREDIT,2018-09-07,2025-02-03,BLOCKED
CARD_ID_0000229,ACCOUNT__0000184,4111111111111145,DEBIT,2020-05-17,2024-05-27,ACTIVE
CARD_ID_0000230,ACCOUNT__0000211,5500000000000012,DEBIT,2019-02-18,2025-05-04,BLOCKED
CARD_ID_0000231,ACCOUNT__0000007,5500000000000038,DEBIT,2021-06-03,2023-07-25,EXPIRED
CARD_ID_0000232,ACCOUNT__0000268,4111111111111145,DEBIT,2020-02-04,2025-05-18,EXPIRED
CARD_ID_0000233,ACCOUNT__0000128,5500000000000012,CREDIT,2018-07-02,2024-10-18,EXPIRED
CARD_ID_0000234,ACCOUNT__0000028,4111111111111111,DEBIT,2020-07-02,2024-04-19,BLOCKED
CARD_ID_0000235,ACCOUNT__0000085,4111111111111111,CREDIT,2019-06-19,2023-01-07,BLOCKED
CARD_ID_0000236,ACCOUNT__0000143,4111111111111111,DEBIT,2020-10-02,2025-04-10,BLOCKED
CARD_ID_0000237,ACCOUNT__0000207,4111111111111152,DEBIT,2020-03-29,2024-02-27,EXPIRED
CARD_ID_0000238,ACCOUNT__0000230,4111111111111111,CREDIT,2020-03-04,2023-06-10,ACTIVE
CARD_ID_0000239,ACCOUNT__0000255,5500000000000038,DEBIT,2018-03-30,2023-12-06,BLOCKED
CARD_ID_0000240,ACCOUNT__0000019,5500000000000020,DEBIT,2018-03-06,2025-01-20,EXPIRED
CARD_ID_0000241,ACCOUNT__0000156,4111111111111152,DEBIT,2021-05-03,2025-06-07,BLOCKED
CARD_ID_0000242,ACCOUNT__0000175,5500000000000004,DEBIT,2018-12-01,2024-03-19,BLOCKED
CARD_ID_0000243,ACCOUNT__0000287,5500000000000038,CREDIT,2021-09-07,2025-05-08,BLOCKED
CARD_ID_0000244,ACCOUNT__0000232,4111111111111129,DEBIT,2017-09-05,2023-08-01,BLOCKED
CARD_ID_0000245,ACCOUNT__0000150,5500000000000020,CREDIT,2021-08-08,2022-04-06,ACTIVE
CARD_ID_0000246,ACCOUNT__0000085,5500000000000012,CREDIT,2018-04-08,2023-02-03,EXPIRED
CARD_ID_0000247,ACCOUNT__0000101,4111111111111129,CREDIT,2018-11-16,2024-03-25,ACTIVE
CARD_ID_0000248,ACCOUNT__0000174,4111111111111129,CREDIT,2017-12-05,2025-03-20,EXPIRED
CARD_ID_0000249,ACCOUNT__0000064,5500000000000038,CREDIT,2020-03-25,2025-05-11,EXPIRED
CARD_ID_0000250,ACCOUNT__0000259,4111111111111129,CREDIT,2017-09-09,2024-08-22,EXPIRED
CARD_ID_0000251,ACCOUNT__0000025,5500000000000020,CREDIT,2020-12-12,2024-05-17,EXPIRED
CARD_ID_0000252,ACCOUNT__0000091,4111111111111145,DEBIT,2021-10-06,2022-05-21,ACTIVE
CARD_ID_0000253,ACCOUNT__0000199,4111111111111145,CREDIT,2020-06-29,2023-10-28,BLOCKED
CARD_ID_0000254,ACCOUNT__0000128,4111111111111137,CREDIT,2019-04-26,2024-03-16,ACTIVE
CARD_ID_0000255,ACCOUNT__0000071,5500000000000012,CREDIT,2021-08-07,2024-09-26,BLOCKED
CARD_ID_0000256,ACCOUNT__0000284,4111111111111145,DEBIT,2018-11-04,2025-03-02,EXPIRED
CARD_ID_0000257,ACCOUNT__0000149,4111111111111145,DEBIT,2021-08-25,2025-04-24,ACTIVE
CARD_ID_0000258,ACCOUNT__0000258,5500000000000020,CREDIT,2021-08-25,2022-04-25,BLOCKED
CARD_ID_0000259,ACCOUNT__0000288,5500000000000012,CREDIT,2021-06-12,2025-11-10,EXPIRED
CARD_ID_0000260,ACCOUNT__0000147,4111111111111152,CREDIT,2017-09-27,2024-08-06,ACTIVE
CARD_ID_0000261,ACCOUNT__0000013,5500000000000004,DEBIT,2021-06-04,2021-12-25,ACTIVE
CARD_ID_0000262,ACCOUNT__0000137,5500000000000038,DEBIT,2019-04-10,2025-07-01,BLOCKED
CARD_ID_0000263,ACCOUNT__0000075,4111111111111152,CREDIT,2018-10-23,2025-11-22,EXPIRED
CARD_ID_0000264,ACCOUNT__0000017,5500000000000004,CREDIT,2018-03-29,2025-02-13,EXPIRED
CARD_ID_0000265,ACCOUNT__0000288,4111111111111152,CREDIT,2018-12-31,2024-07-13,EXPIRED
CARD_ID_0000266,ACCOUNT__0000148,4111111111111145,DEBIT,2019-10-22,2023-11-03,BLOCKED
CARD_ID_0000267,ACCOUNT__0000161,5500000000000046,DEBIT,2017-09-27,2025-11-02,BLOCKED
CARD_ID_0000268,ACCOUNT__0000104,4111111111111145,CREDIT,2018-12-06,2025-03-21,EXPIRED
CARD_ID_0000269,ACCOUNT__0000189,5500000000000038,DEBIT,2022-01-07,2025-09-24,ACTIVE
CARD_ID_0000270,ACCOUNT__0000151,5500000000000012,DEBIT,2018-09-18,2022-08-22,EXPIRED
CARD_ID_0000271,ACCOUNT__0000264,4111111111111129,DEBIT,2020-01-26,2023-03-26,EXPIRED
CARD_ID_0000272,ACCOUNT__0000136,4111111111111129,CREDIT,2017-09-12,2023-07-09,BLOCKED
CARD_ID_0000273,ACCOUNT__0000080,4111111111111111,CREDIT,2021-01-05,2021-12-14,EXPIRED
CARD_ID_0000274,ACCOUNT__0000155,5500000000000012,CREDIT,2018-01-28,2026-01-23,EXPIRED
CARD_ID_0000275,ACCOUNT__0000163,5500000000000020,DEBIT,2020-08-02,2022-01-18,EXPIRED
CARD_ID_0000276,ACCOUNT__0000082,5500000000000012,CREDIT,2018-03-08,2023-08-17,ACTIVE
CARD_ID_0000277,ACCOUNT__0000110,4111111111111145,CREDIT,2019-09-09,2023-04-25,ACTIVE
CARD_ID_0000278,ACCOUNT__0000272,5500000000000012,DEBIT,2018-04-23,2025-06-01,BLOCKED
CARD_ID_0000279,ACCOUNT__0000229,4111111111111137,DEBIT,2017-11-21,2025-06-29,BLOCKED
CARD_ID_0000280,ACCOUNT__0000196,5500000000000046,DEBIT,2019-10-31,2023-02-08,EXPIRED
CARD_ID_0000281,ACCOUNT__0000145,4111111111111111,CREDIT,2020-07-20,2024-07-08,BLOCKED
CARD_ID_0000282,ACCOUNT__0000250,4111111111111111,DEBIT,2019-06-19,2024-07-19,ACTIVE
CARD_ID_0000283,ACCOUNT__0000050,4111111111111129,DEBIT,2021-03-07,2022-01-13,ACTIVE
CARD_ID_0000284,ACCOUNT__0000110,4111111111111152,CREDIT,2018-04-01,2022-10-27,EXPIRED
CARD_ID_0000285,ACCOUNT__0000223,4111111111111145,DEBIT,2021-11-08,2025-07-07,ACTIVE
CARD_ID_0000286,ACCOUNT__0000013,5500000000000012,CREDIT,2017-11-17,2022-02-27,ACTIVE
CARD_ID_0000287,ACCOUNT__0000028,4111111111111129,CREDIT,2020-10-17,2022-01-23,EXPIRED
CARD_ID_0000288,ACCOUNT__0000117,5500000000000046,CREDIT,2019-11-04,2024-03-12,EXPIRED
CARD_ID_0000289,ACCOUNT__0000208,5500000000000012,DEBIT,2019-11-07,2025-06-10,ACTIVE
CARD_ID_0000290,ACCOUNT__0000274,4111111111111111,DEBIT,2021-11-27,2025-11-06,EXPIRED
CARD_ID_0000291,ACCOUNT__0000024,5500000000000038,DEBIT,2019-09-03,2024-06-26,ACTIVE
CARD_ID_0000292,ACCOUNT__0000149,5500000000000038,CREDIT,2021-01-25,2022-02-25,BLOCKED
CARD_ID_0000293,ACCOUNT__0000225,5500000000000004,DEBIT,2020-04-28,2022-07-18,EXPIRED
CARD_ID_0000294,ACCOUNT__0000113,4111111111111129,CREDIT,2020-09-22,2023-04-28,EXPIRED
CARD_ID_0000295,ACCOUNT__0000074,4111111111111137,CREDIT,2017-09-23,2024-10-08,EXPIRED
CARD_ID_0000296,ACCOUNT__0000073,4111111111111129,DEBIT,2020-11-16,2025-01-04,BLOCKED
CARD_ID_0000297,ACCOUNT__0000276,5500000000000020,DEBIT,2019-05-18,2022-11-05,EXPIRED
CARD_ID_0000298,ACCOUNT__0000177,4111111111111137,DEBIT,2018-07-27,2022-09-12,ACTIVE
CARD_ID_0000299,ACCOUNT__0000130,4111111111111129,DEBIT,2021-06-06,2024-11-05,ACTIVE
CARD_ID_0000300,ACCOUNT__0000282,5500000000000012,DEBIT,2019-04-19,2025-06-07,ACTIVE
CARD_ID_0000301,ACCOUNT__0000129,4111111111111111,CREDIT,2019-07-10,2023-09-02,ACTIVE
CARD_ID_0000302,ACCOUNT__0000121,4111111111111129,DEBIT,2018-10-02,2023-06-13,BLOCKED
CARD_ID_0000303,ACCOUNT__0000231,5500000000000004,CREDIT,2021-07-22,2024-12-10,ACTIVE
CARD_ID_0000304,ACCOUNT__0000290,5500000000000020,CREDIT,2020-01-26,2022-08-12,ACTIVE
CARD_ID_0000305,ACCOUNT__0000161,4111111111111137,DEBIT,2021-08-29,2025-10-25,EXPIRED
CARD_ID_0000306,ACCOUNT__0000224,4111111111111137,CREDIT,2018-06-03,2025-06-23,EXPIRED
CARD_ID_0000307,ACCOUNT__0000170,4111111111111152,CREDIT,2020-03-01,2023-09-05,BLOCKED
CARD_ID_0000308,ACCOUNT__0000250,5500000000000020,DEBIT,2021-04-15,2025-01-25,ACTIVE
CARD_ID_0000309,ACCOUNT__0000144,4111111111111152,DEBIT,2020-09-08,2022-10-08,BLOCKED
CARD_ID_0000310,ACCOUNT__0000040,5500000000000038,DEBIT,2020-07-05,2025-03-17,ACTIVE
CARD_ID_0000311,ACCOUNT__0000298,5500000000000020,DEBIT,2017-11-15,2024-10-04,BLOCKED
CARD_ID_0000312,ACCOUNT__0000279,4111111111111152,CREDIT,2021-05-02,2026-01-05,ACTIVE
CARD_ID_0000313,ACCOUNT__0000188,5500000000000004,CREDIT,2018-06-02,2024-04-09,EXPIRED
CARD_ID_0000314,ACCOUNT__0000262,4111111111111111,CREDIT,2020-06-25,2021-09-22,EXPIRED
CARD_ID_0000315,ACCOUNT__0000123,4111111111111152,DEBIT,2021-11-29,2024-07-19,ACTIVE
CARD_ID_0000316,ACCOUNT__0000229,4111111111111129,DEBIT,2021-10-17,2025-10-09,BLOCKED
CARD_ID_0000317,ACCOUNT__0000184,4111111111111111,CREDIT,2018-12-19,2022-01-07,BLOCKED
CARD_ID_0000318,ACCOUNT__0000190,4111111111111137,DEBIT,2020-07-27,2023-09-10,BLOCKED
CARD_ID_0000319,ACCOUNT__0000241,5500000000000046,DEBIT,2017-11-21,2025-04-21,BLOCKED
CARD_ID_0000320,ACCOUNT__0000053,5500000000000038,CREDIT,2021-10-29,2023-02-22,EXPIRED
CARD_ID_0000321,ACCOUNT__0000279,5500000000000020,CREDIT,2021-05-01,2023-10-16,BLOCKED
CARD_ID_0000322,ACCOUNT__0000040,5500000000000020,CREDIT,2018-12-01,2024-07-24,BLOCKED
CARD_ID_0000323,ACCOUNT__0000181,4111111111111152,CREDIT,2020-05-25,2024-05-15,EXPIRED
CARD_ID_0000324,ACCOUNT__0000004,5500000000000020,DEBIT,2020-02-18,2022-08-06,ACTIVE
CARD_ID_0000325,ACCOUNT__0000040,5500000000000020,CREDIT,2018-11-08,2022-07-05,ACTIVE
CARD_ID_0000326,ACCOUNT__0000081,5500000000000004,DEBIT,2021-05-16,2022-12-16,BLOCKED
CARD_ID_0000327,ACCOUNT__0000170,5500000000000038,CREDIT,2021-06-14,2024-05-08,BLOCKED
CARD_ID_0000328,ACCOUNT__0000108,5500000000000020,CREDIT,2017-10-16,2023-01-13,ACTIVE
CARD_ID_0000329,ACCOUNT__0000066,5500000000000020,DEBIT,2018-06-03,2025-03-13,EXPIRED
CARD_ID_0000330,ACCOUNT__0000021,4111111111111152,DEBIT,2017-12-24,2022-08-07,BLOCKED
CARD_ID_0000331,ACCOUNT__0000093,5500000000000020,CREDIT,2021-01-10,2024-10-29,EXPIRED
CARD_ID_0000332,ACCOUNT__0000010,4111111111111152,CREDIT,2018-02-23,2022-11-18,BLOCKED
CARD_ID_0000333,ACCOUNT__0000242,4111111111111152,DEBIT,2018-11-24,2023-12-21,EXPIRED
CARD_ID_0000334,ACCOUNT__0000074,5500000000000038,DEBIT,2021-02-28,2025-05-13,EXPIRED
CARD_ID_0000335,ACCOUNT__0000136,4111111111111129,CREDIT,2020-03-17,2025-01-04,EXPIRED
CARD_ID_0000336,ACCOUNT__0000036,4111111111111137,CREDIT,2018-05-29,2022-04-11,ACTIVE
CARD_ID_0000337,ACCOUNT__0000104,5500000000000020,CREDIT,2018-07-04,2025-01-23,ACTIVE
CARD_ID_0000338,ACCOUNT__0000091,5500000000000012,DEBIT,2022-01-23,2024-08-24,EXPIRED
CARD_ID_0000339,ACCOUNT__0000061,4111111111111111,DEBIT,2021-01-18,2024-09-09,ACTIVE
CARD_ID_0000340,ACCOUNT__0000221,5500000000000020,CREDIT,2017-11-28,2025-07-30,EXPIRED
CARD_ID_0000341,ACCOUNT__0000220,4111111111111137,CREDIT,2021-12-23,2023-10-21,BLOCKED
CARD_ID_0000342,ACCOUNT__0000295,4111111111111111,DEBIT,2019-02-04,2024-05-05,ACTIVE
CARD_ID_0000343,ACCOUNT__0000043,4111111111111137,CREDIT,2019-02-10,2022-09-23,ACTIVE
CARD_ID_0000344,ACCOUNT__0000004,5500000000000020,DEBIT,2020-07-31,2021-09-15,BLOCKED
CARD_ID_0000345,ACCOUNT__0000106,4111111111111145,CREDIT,2019-12-17,2023-09-12,ACTIVE
CARD_ID_0000346,ACCOUNT__0000080,5500000000000012,CREDIT,2019-02-18,2024-09-02,BLOCKED
CARD_ID_0000347,ACCOUNT__0000290,5500000000000004,CREDIT,2021-06-25,2023-11-23,ACTIVE
CARD_ID_0000348,ACCOUNT__0000212,5500000000000020,CREDIT,2018-09-02,2023-09-29,EXPIRED
CARD_ID_0000349,ACCOUNT__0000285,5500000000000012,CREDIT,2020-11-27,2023-08-07,EXPIRED
CARD_ID_0000350,ACCOUNT__0000204,5500000000000038,DEBIT,2021-11-10,2022-12-15,BLOCKED
CARD_ID_0000351,ACCOUNT__0000083,4111111111111129,CREDIT,2022-01-27,2023-07-26,EXPIRED
CARD_ID_0000352,ACCOUNT__0000027,4111111111111129,DEBIT,2018-03-06,2022-06-25,BLOCKED
CARD_ID_0000353,ACCOUNT__0000223,4111111111111111,CREDIT,2018-11-29,2023-09-30,ACTIVE
CARD_ID_0000354,ACCOUNT__0000020,5500000000000038,CREDIT,2021-02-09,2025-05-06,EXPIRED
CARD_ID_0000355,ACCOUNT__0000147,5500000000000038,DEBIT,2022-01-02,2022-08-25,EXPIRED
CARD_ID_0000356,ACCOUNT__0000254,5500000000000012,DEBIT,2021-05-08,2024-07-28,BLOCKED
CARD_ID_0000357,ACCOUNT__0000100,4111111111111111,DEBIT,2021-02-11,2022-08-14,EXPIRED
CARD_ID_0000358,ACCOUNT__0000019,5500000000000004,DEBIT,2018-07-20,2022-02-25,BLOCKED
CARD_ID_0000359,ACCOUNT__0000205,5500000000000004,CREDIT,2019-12-10,2024-12-14,ACTIVE
CARD_ID_0000360,ACCOUNT__0000266,4111111111111111,DEBIT,2018-03-04,2024-09-30,BLOCKED
CARD_ID_0000361,ACCOUNT__0000287,5500000000000046,CREDIT,2019-08-13,2023-03-21,ACTIVE
CARD_ID_0000362,ACCOUNT__0000100,5500000000000012,CREDIT,2020-11-21,2021-09-10,BLOCKED
CARD_ID_0000363,ACCOUNT__0000090,5500000000000012,DEBIT,2020-10-19,2022-01-27,EXPIRED
CARD_ID_0000364,ACCOUNT__0000151,5500000000000004,DEBIT,2020-07-18,2023-02-10,EXPIRED
CARD_ID_0000365,ACCOUNT__0000295,4111111111111137,CREDIT,2019-10-13,2024-10-28,BLOCKED
CARD_ID_0000366,ACCOUNT__0000125,5500000000000038,CREDIT,2021-06-27,2024-04-01,EXPIRED
CARD_ID_0000367,ACCOUNT__0000015,5500000000000012,CREDIT,2018-01-17,2023-10-24,EXPIRED
CARD_ID_0000368,ACCOUNT__0000113,4111111111111145,DEBIT,2019-06-09,2023-12-24,BLOCKED
CARD_ID_0000369,ACCOUNT__0000265,5500000000000020,CREDIT,2019-01-22,2023-04-12,ACTIVE
CARD_ID_0000370,ACCOUNT__0000205,4111111111111145,CREDIT,2018-02-03,2024-10-10,ACTIVE
CARD_ID_0000371,ACCOUNT__0000244,5500000000000004,DEBIT,2020-11-18,2023-03-06,ACTIVE
CARD_ID_0000372,ACCOUNT__0000098,5500000000000012,DEBIT,2018-12-25,2025-10-16,ACTIVE
CARD_ID_0000373,ACCOUNT__0000136,4111111111111137,DEBIT,2019-01-25,2025-02-18,BLOCKED
CARD_ID_0000374,ACCOUNT__0000080,5500000000000038,DEBIT,2018-02-08,2025-06-16,EXPIRED
CARD_ID_0000375,ACCOUNT__0000253,4111111111111145,DEBIT,2020-05-15,2023-10-01,EXPIRED
CARD_ID_0000376,ACCOUNT__0000162,5500000000000012,CREDIT,2020-06-02,2022-09-10,EXPIRED
CARD_ID_0000377,ACCOUNT__0000144,5500000000000004,DEBIT,2017-12-20,2024-08-12,BLOCKED
CARD_ID_0000378,ACCOUNT__0000245,5500000000000046,DEBIT,2020-06-26,2023-08-13,BLOCKED
CARD_ID_0000379,ACCOUNT__0000090,5500000000000012,DEBIT,2021-08-01,2024-07-28,BLOCKED
CARD_ID_0000380,ACCOUNT__0000162,4111111111111145,DEBIT,2021-06-12,2022-11-06,BLOCKED
CARD_ID_0000381,ACCOUNT__0000298,4111111111111129,CREDIT,2021-02-06,2023-02-14,ACTIVE
CARD_ID_0000382,ACCOUNT__0000281,4111111111111137,CREDIT,2020-04-23,2025-02-07,BLOCKED
CARD_ID_0000383,ACCOUNT__0000188,4111111111111129,CREDIT,2018-11-06,2024-01-07,EXPIRED
CARD_ID_0000384,ACCOUNT__0000191,5500000000000004,CREDIT,2019-03-27,2024-03-12,ACTIVE
CARD_ID_0000385,ACCOUNT__0000293,4111111111111129,DEBIT,2018-03-24,2025-09-16,BLOCKED
CARD_ID_0000386,ACCOUNT__0000121,5500000000000020,CREDIT,2018-10-07,2022-06-26,EXPIRED
CARD_ID_0000387,ACCOUNT__0000077,5500000000000012,DEBIT,2018-08-28,2024-01-12,BLOCKED
CARD_ID_0000388,ACCOUNT__0000069,5500000000000046,CREDIT,2022-01-26,2024-05-24,BLOCKED
CARD_ID_0000389,ACCOUNT__0000129,5500000000000020,DEBIT,2019-11-25,2022-03-22,EXPIRED
CARD_ID_0000390,ACCOUNT__0000084,4111111111111111,CREDIT,2020-05-03,2025-03-13,ACTIVE
CARD_ID_0000391,ACCOUNT__0000231,5500000000000038,CREDIT,2019-09-10,2023-09-08,EXPIRED
CARD_ID_0000392,ACCOUNT__0000286,5500000000000046,CREDIT,2019-08-06,2021-10-11,BLOCKED
CARD_ID_0000393,ACCOUNT__0000063,5500000000000004,DEBIT,2020-11-25,2024-11-23,EXPIRED
CARD_ID_0000394,ACCOUNT__0000276,4111111111111129,CREDIT,2019-08-29,2023-06-28,EXPIRED
CARD_ID_0000395,ACCOUNT__0000262,5500000000000012,CREDIT,2018-02-08,2023-10-21,EXPIRED
CARD_ID_0000396,ACCOUNT__0000147,5500000000000012,DEBIT,2018-08-10,2025-04-04,BLOCKED
CARD_ID_0000397,ACCOUNT__0000216,4111111111111145,CREDIT,2018-01-25,2022-02-10,ACTIVE
CARD_ID_0000398,ACCOUNT__0000176,4111111111111137,CREDIT,2021-04-30,2023-04-20,EXPIRED
CARD_ID_0000399,ACCOUNT__0000137,4111111111111145,CREDIT,2019-03-10,2024-02-29,BLOCKED
CARD_ID_0000400,ACCOUNT__0000267,5500000000000046,CREDIT,2018-08-09,2022-09-12,ACTIVE
