TXN_ID_0000001,ACCOUNT__0000140,CARD_ID_0000285,MERCHANT_0000073,2023-01-03 01:57:58,118.39054514529211,EUR,0.439725588207227,FEE,PENDING
TXN_ID_0000002,ACCOUNT__0000155,CARD_ID_0000156,MERCHANT_0000095,2023-01-07 01:04:24,132.32290218623177,SGD,0.2948056475152403,REFUND,DECLINED
TXN_ID_0000003,ACCOUNT__0000064,CARD_ID_0000148,MERCHANT_0000063,2023-01-09 18:25:55,364.0993938556296,USD,0.9482486407207117,FEE,PENDING
TXN_ID_0000004,ACCOUNT__0000186,CARD_ID_0000290,MERCHANT_0000034,2023-01-09 01:00:01,386.7809291447434,HKD,1.0055604502406308,REFUND,PENDING
TXN_ID_0000005,ACCOUNT__0000133,,,2023-01-05 07:11:49,262.7657482914028,AUD,0.5124024477954243,DEBIT,REVERSED
TXN_ID_0000006,ACCOUNT__0000185,CARD_ID_0000183,,2023-01-04 23:02:11,300.58119993566726,HKD,0.6798371475739915,CREDIT,PENDING
TXN_ID_0000007,ACCOUNT__0000086,CARD_ID_0000162,MERCHANT_0000088,2023-01-05 01:46:37,158.20962395535565,AUD,0.5178992647121976,REFUND,POSTED
TXN_ID_0000008,ACCOUNT__0000007,,MERCHANT_0000100,2023-01-07 07:19:13,235.7149692228635,HKD,0.3044411824612849,CREDIT,POSTED
TXN_ID_0000009,ACCOUNT__0000258,CARD_ID_0000097,MERCHANT_0000072,2023-01-08 20:45:26,388.84353525210935,HKD,1.0352946321617238,DEBIT,DECLINED
TXN_ID_0000010,ACCOUNT__0000236,CARD_ID_0000060,MERCHANT_0000003,2023-01-07 05:45:11,200.53776669750187,AUD,0.2787449606823281,FEE,REVERSED
TXN_ID_0000011,ACCOUNT__0000089,CARD_ID_0000015,MERCHANT_0000016,2023-01-04 02:50:59,79.48603485922206,AUD,0.8662104584458069,REFUND,POSTED
TXN_ID_0000012,ACCOUNT__0000108,,,2023-01-09 19:17:55,429.3075638107389,USD,0.15012285991699068,FEE,DECLINED
TXN_ID_0000013,ACCOUNT__0000022,,,2023-01-09 10:15:38,291.68377466601623,USD,0.25724677325879297,REFUND,PENDING
TXN_ID_0000014,ACCOUNT__0000034,CARD_ID_0000006,MERCHANT_0000016,2023-01-08 17:22:04,121.7787543837955,HKD,0.327716552298834,REFUND,PENDING
TXN_ID_0000015,ACCOUNT__0000047,,MERCHANT_0000036,2023-01-08 10:56:53,200.33185278803185,USD,0.665678824376004,CREDIT,PENDING
TXN_ID_0000016,ACCOUNT__0000051,CARD_ID_0000391,,2023-01-04 01:17:18,403.2701161514107,HKD,0.31379760514778265,DEBIT,PENDING
TXN_ID_0000017,ACCOUNT__0000110,CARD_ID_0000363,MERCHANT_0000090,2023-01-08 13:45:10,110.59686706942098,AUD,0.24483722003927766,REFUND,DECLINED
TXN_ID_0000018,ACCOUNT__0000218,CARD_ID_0000117,MERCHANT_0000098,2023-01-05 05:37:26,76.67389446455822,USD,0.2754262357989187,REFUND,REVERSED
TXN_ID_0000019,ACCOUNT__0000286,CARD_ID_0000043,MERCHANT_0000015,2023-01-06 02:09:32,164.9117105789899,AUD,0.4638473945493981,FEE,POSTED
TXN_ID_0000020,ACCOUNT__0000284,CARD_ID_0000220,,2023-01-02 06:21:30,501.9571878339621,EUR,1.1348177418609726,REFUND,POSTED
TXN_ID_0000021,ACCOUNT__0000007,CARD_ID_0000252,MERCHANT_0000051,2023-01-06 17:40:37,296.7483005314273,AUD,0.2575630929574615,FEE,DECLINED
TXN_ID_0000022,ACCOUNT__0000053,CARD_ID_0000087,,2023-01-03 20:04:17,195.25535295490408,GBP,1.1900076109363829,DEBIT,POSTED
TXN_ID_0000023,ACCOUNT__0000218,CARD_ID_0000143,MERCHANT_0000099,2023-01-08 11:34:45,335.8979587520993,SGD,0.9870531271316061,FEE,REVERSED
TXN_ID_0000024,ACCOUNT__0000244,CARD_ID_0000208,MERCHANT_0000066,2023-01-04 19:18:58,89.77681573891452,GBP,0.26074336430607836,FEE,DECLINED
TXN_ID_0000025,ACCOUNT__0000119,CARD_ID_0000069,,2023-01-02 01:28:39,466.4173264438518,GBP,0.1586213101455392,CREDIT,DECLINED
TXN_ID_0000026,ACCOUNT__0000168,,MERCHANT_0000013,2023-01-02 08:22:14,373.0859533437548,GBP,0.656640639291872,FEE,POSTED
TXN_ID_0000027,ACCOUNT__0000151,CARD_ID_0000252,MERCHANT_0000070,2023-01-05 14:10:07,454.92910096130726,GBP,0.14890732012138602,DEBIT,DECLINED
TXN_ID_0000028,ACCOUNT__0000061,CARD_ID_0000162,MERCHANT_0000057,2023-01-06 23:58:04,28.343587086514926,USD,0.8355697988762404,REFUND,POSTED
TXN_ID_0000029,ACCOUNT__0000252,CARD_ID_0000160,MERCHANT_0000063,2023-01-02 17:56:35,322.2236558256749,GBP,0.7225487716000553,FEE,DECLINED
TXN_ID_0000030,ACCOUNT__0000288,CARD_ID_0000260,,2023-01-04 14:48:05,281.3221584443851,HKD,0.7901254537242793,REFUND,REVERSED
TXN_ID_0000031,ACCOUNT__0000165,,MERCHANT_0000017,2023-01-05 20:48:28,200.905548467999,SGD,0.15878283164469595,REFUND,DECLINED
TXN_ID_0000032,ACCOUNT__0000050,CARD_ID_0000183,MERCHANT_0000008,2023-01-09 10:41:00,143.19223086207418,USD,0.4639464952350324,DEBIT,PENDING
TXN_ID_0000033,ACCOUNT__0000157,,,2023-01-07 22:54:30,188.3534360685479,GBP,1.053804318324075,FEE,REVERSED
TXN_ID_0000034,ACCOUNT__0000011,CARD_ID_0000302,,2023-01-05 06:16:29,216.8222827766089,USD,0.742616349939752,FEE,PENDING
TXN_ID_0000035,ACCOUNT__0000106,CARD_ID_0000258,MERCHANT_0000086,2023-01-05 12:58:52,100.3949106937466,USD,1.1672876954563742,CREDIT,DECLINED
TXN_ID_0000036,ACCOUNT__0000039,CARD_ID_0000275,MERCHANT_0000034,2023-01-01 23:55:40,172.47212836458957,GBP,0.9909252309180645,DEBIT,PENDING
TXN_ID_0000037,ACCOUNT__0000173,CARD_ID_0000291,MERCHANT_0000061,2023-01-06 14:29:12,124.17114599827703,SGD,0.8271443905040671,REFUND,REVERSED
TXN_ID_0000038,ACCOUNT__0000222,CARD_ID_0000161,MERCHANT_0000052,2023-01-04 11:16:10,353.16757759992873,GBP,0.9468831699780512,CREDIT,PENDING
TXN_ID_0000039,ACCOUNT__0000265,CARD_ID_0000296,MERCHANT_0000085,2023-01-07 02:11:34,156.2666783917349,AUD,0.9955588222103703,FEE,PENDING
TXN_ID_0000040,ACCOUNT__0000268,CARD_ID_0000237,,2023-01-03 05:54:42,420.1580843399957,SGD,1.0332105355401782,FEE,REVERSED
TXN_ID_0000041,ACCOUNT__0000033,CARD_ID_0000212,MERCHANT_0000037,2023-01-09 06:15:24,97.06224702991781,AUD,0.3826589189788442,CREDIT,PENDING
TXN_ID_0000042,ACCOUNT__0000077,,MERCHANT_0000040,2023-01-07 01:16:46,276.1883673872314,HKD,0.5815604678705824,DEBIT,POSTED
TXN_ID_0000043,ACCOUNT__0000082,CARD_ID_0000015,MERCHANT_0000036,2023-01-09 09:56:06,312.21442088153844,AUD,0.1751886376086769,FEE,PENDING
TXN_ID_0000044,ACCOUNT__0000029,CARD_ID_0000043,MERCHANT_0000039,2023-01-02 04:36:10,505.16704906323025,GBP,0.5188746423921666,DEBIT,DECLINED
TXN_ID_0000045,ACCOUNT__0000072,CARD_ID_0000293,MERCHANT_0000016,2023-01-07 18:06:52,374.8157502426456,GBP,0.9593739723173118,REFUND,DECLINED
TXN_ID_0000046,ACCOUNT__0000047,CARD_ID_0000063,MERCHANT_0000041,2023-01-05 09:59:41,467.5322920848124,SGD,0.9922505205181271,CREDIT,DECLINED
TXN_ID_0000047,ACCOUNT__0000112,,,2023-01-04 18:03:03,250.87069012015397,USD,0.760744610502125,FEE,REVERSED
TXN_ID_0000048,ACCOUNT__0000058,CARD_ID_0000217,MERCHANT_0000032,2023-01-04 18:58:44,493.5075977968178,HKD,0.5184078731275148,REFUND,REVERSED
TXN_ID_0000049,ACCOUNT__0000011,CARD_ID_0000311,,2023-01-09 10:58:11,449.11613865850734,USD,1.1116792986096358,CREDIT,REVERSED
TXN_ID_0000050,ACCOUNT__0000283,CARD_ID_0000328,MERCHANT_0000047,2023-01-09 17:40:34,75.81265346335798,EUR,1.0476824388904196,FEE,PENDING
TXN_ID_0000051,ACCOUNT__0000202,CARD_ID_0000131,MERCHANT_0000097,2023-01-04 06:39:58,172.52873065343607,EUR,0.3014431372285124,FEE,REVERSED
TXN_ID_0000052,ACCOUNT__0000209,CARD_ID_0000141,MERCHANT_0000100,2023-01-07 09:17:56,268.3068427884839,GBP,1.030044909015393,FEE,PENDING
TXN_ID_0000053,ACCOUNT__0000083,CARD_ID_0000260,,2023-01-06 12:40:14,340.5669420188011,EUR,0.919430507046298,FEE,PENDING
TXN_ID_0000054,ACCOUNT__0000027,CARD_ID_0000095,MERCHANT_0000083,2023-01-03 01:43:23,10.196305807419161,USD,0.4569358653998547,DEBIT,PENDING
TXN_ID_0000055,ACCOUNT__0000081,CARD_ID_0000366,MERCHANT_0000084,2023-01-02 23:58:32,475.5986770361654,AUD,0.9781272555528393,REFUND,DECLINED
TXN_ID_0000056,ACCOUNT__0000245,CARD_ID_0000069,MERCHANT_0000088,2023-01-08 14:48:46,464.462888052021,SGD,0.34257018000116096,FEE,REVERSED
TXN_ID_0000057,ACCOUNT__0000094,CARD_ID_0000194,MERCHANT_0000074,2023-01-04 03:28:11,19.93515263037554,USD,0.7276270842731307,CREDIT,PENDING
TXN_ID_0000058,ACCOUNT__0000237,,MERCHANT_0000022,2023-01-02 00:35:01,229.67075347773155,GBP,0.40836882456912676,DEBIT,REVERSED
TXN_ID_0000059,ACCOUNT__0000088,CARD_ID_0000061,,2023-01-07 19:14:40,248.490042526332,HKD,0.6154674156395007,FEE,PENDING
TXN_ID_0000060,ACCOUNT__0000115,CARD_ID_0000098,MERCHANT_0000035,2023-01-04 21:57:30,420.163330741478,USD,0.5915001900217038,CREDIT,POSTED
TXN_ID_0000061,ACCOUNT__0000145,CARD_ID_0000097,MERCHANT_0000053,2023-01-03 04:35:32,24.36837361038782,HKD,0.3819696191766698,FEE,POSTED
TXN_ID_0000062,ACCOUNT__0000190,CARD_ID_0000332,MERCHANT_0000002,2023-01-07 02:39:18,81.96252221689426,USD,0.871535206998762,CREDIT,DECLINED
TXN_ID_0000063,ACCOUNT__0000217,CARD_ID_0000132,,2023-01-08 04:19:16,40.90190097495991,USD,0.3812803404323583,REFUND,PENDING
TXN_ID_0000064,ACCOUNT__0000003,CARD_ID_0000318,MERCHANT_0000051,2023-01-09 13:36:09,213.05201901442848,HKD,0.7287296158373633,CREDIT,REVERSED
TXN_ID_0000065,ACCOUNT__0000087,CARD_ID_0000174,MERCHANT_0000017,2023-01-02 12:11:42,183.5005388163473,GBP,0.2817214354025902,DEBIT,REVERSED
TXN_ID_0000066,ACCOUNT__0000023,CARD_ID_0000256,MERCHANT_0000036,2023-01-05 19:06:48,519.3197289235327,USD,1.0683219324919695,REFUND,REVERSED
TXN_ID_0000067,ACCOUNT__0000224,CARD_ID_0000162,MERCHANT_0000063,2023-01-03 06:08:32,314.95460161900564,HKD,0.8112178459323612,FEE,PENDING
TXN_ID_0000068,ACCOUNT__0000097,,MERCHANT_0000005,2023-01-07 03:03:10,152.0135159172159,SGD,0.5969799571793206,FEE,PENDING
TXN_ID_0000069,ACCOUNT__0000227,CARD_ID_0000364,MERCHANT_0000059,2023-01-07 09:40:35,70.53872242182376,SGD,0.2884174660765382,REFUND,PENDING
TXN_ID_0000070,ACCOUNT__0000105,CARD_ID_0000093,MERCHANT_0000096,2023-01-07 14:15:50,462.14832370314406,GBP,0.8395573162039728,CREDIT,PENDING
TXN_ID_0000071,ACCOUNT__0000270,CARD_ID_0000093,MERCHANT_0000010,2023-01-04 09:46:54,432.191764982105,AUD,1.079483436879991,DEBIT,REVERSED
TXN_ID_0000072,ACCOUNT__0000063,CARD_ID_0000303,MERCHANT_0000014,2023-01-05 08:19:14,93.30717097911453,USD,1.0188481713626243,FEE,DECLINED
TXN_ID_0000073,ACCOUNT__0000138,CARD_ID_0000003,MERCHANT_0000006,2023-01-09 09:12:27,351.7342180491919,GBP,1.1437376849558456,CREDIT,POSTED
TXN_ID_0000074,ACCOUNT__0000025,CARD_ID_0000145,MERCHANT_0000008,2023-01-02 06:40:59,310.25665632615204,AUD,0.2290295815972878,REFUND,POSTED
TXN_ID_0000075,ACCOUNT__0000123,CARD_ID_0000205,,2023-01-03 22:43:57,98.36178715720287,SGD,0.4348814012294244,CREDIT,PENDING
TXN_ID_0000076,ACCOUNT__0000153,CARD_ID_0000222,MERCHANT_0000040,2023-01-09 17:35:34,341.3377541892573,USD,0.23283930234831995,REFUND,POSTED
TXN_ID_0000077,ACCOUNT__0000251,CARD_ID_0000199,MERCHANT_0000073,2023-01-08 16:56:42,241.82342511234896,SGD,0.997763964787219,CREDIT,DECLINED
TXN_ID_0000078,ACCOUNT__0000219,,MERCHANT_0000060,2023-01-09 15:06:38,132.1629620988462,AUD,0.2959245799170013,FEE,PENDING
TXN_ID_0000079,ACCOUNT__0000149,CARD_ID_0000041,MERCHANT_0000062,2023-01-05 01:34:45,90.45650606810084,USD,1.0961068719732556,CREDIT,DECLINED
TXN_ID_0000080,ACCOUNT__0000152,CARD_ID_0000283,,2023-01-01 23:13:05,291.64810659258916,GBP,0.571930762835579,FEE,REVERSED
TXN_ID_0000081,ACCOUNT__0000182,CARD_ID_0000042,MERCHANT_0000003,2023-01-02 19:16:10,416.8946668383512,GBP,0.9712094891441068,FEE,PENDING
TXN_ID_0000082,ACCOUNT__0000043,CARD_ID_0000361,MERCHANT_0000076,2023-01-10 04:59:28,259.4314789860016,AUD,0.7974771217583301,REFUND,REVERSED
TXN_ID_0000083,ACCOUNT__0000096,CARD_ID_0000041,MERCHANT_0000078,2023-01-04 13:36:54,489.19611085865597,USD,0.701782323190341,DEBIT,DECLINED
TXN_ID_0000084,ACCOUNT__0000060,,MERCHANT_0000059,2023-01-09 19:35:11,231.90801610523798,AUD,0.926344108164456,FEE,REVERSED
TXN_ID_0000085,ACCOUNT__0000185,CARD_ID_0000354,MERCHANT_0000039,2023-01-02 11:36:32,77.48685369652016,USD,0.24974637764011315,DEBIT,POSTED
TXN_ID_0000086,ACCOUNT__0000014,CARD_ID_0000333,,2023-01-04 08:30:24,248.8373433009719,AUD,0.9753123441806681,CREDIT,PENDING
TXN_ID_0000087,ACCOUNT__0000155,CARD_ID_0000076,MERCHANT_0000003,2023-01-02 20:00:15,100.10717948661787,USD,0.8817799731078336,FEE,DECLINED
TXN_ID_0000088,ACCOUNT__0000011,CARD_ID_0000300,MERCHANT_0000038,2023-01-08 07:56:31,465.94209553198476,USD,0.48721955991108323,DEBIT,DECLINED
TXN_ID_0000089,ACCOUNT__0000213,CARD_ID_0000378,MERCHANT_0000094,2023-01-08 03:32:10,559.4630418111544,USD,0.5576579982796909,FEE,POSTED
TXN_ID_0000090,ACCOUNT__0000032,CARD_ID_0000217,MERCHANT_0000071,2023-01-02 04:34:55,156.21865227387676,AUD,1.0813804361706345,DEBIT,DECLINED
TXN_ID_0000091,ACCOUNT__0000178,CARD_ID_0000224,,2023-01-04 21:58:21,409.00433811544633,GBP,0.5987784367676848,CREDIT,REVERSED
TXN_ID_0000092,ACCOUNT__0000240,,MERCHANT_0000092,2023-01-06 03:47:13,537.8315576046622,EUR,0.8502248041940866,REFUND,DECLINED
TXN_ID_0000093,ACCOUNT__0000083,CARD_ID_0000145,MERCHANT_0000012,2023-01-09 12:22:39,274.8137053824719,USD,0.29725608101599976,FEE,PENDING
TXN_ID_0000094,ACCOUNT__0000213,CARD_ID_0000253,MERCHANT_0000027,2023-01-08 04:16:19,34.4477088756305,USD,1.072569534473602,REFUND,POSTED
TXN_ID_0000095,ACCOUNT__0000090,CARD_ID_0000258,,2023-01-02 04:37:38,194.7607171683549,USD,0.3725585739250197,CREDIT,DECLINED
TXN_ID_0000096,ACCOUNT__0000133,CARD_ID_0000182,MERCHANT_0000099,2023-01-08 04:19:40,156.02141640945678,USD,0.8684450731043097,DEBIT,PENDING
TXN_ID_0000097,ACCOUNT__0000225,CARD_ID_0000387,,2023-01-02 16:55:35,439.5812961215582,AUD,1.0484745289661013,DEBIT,PENDING
TXN_ID_0000098,ACCOUNT__0000260,,MERCHANT_0000027,2023-01-05 19:25:05,95.10344986755119,USD,0.6024241637833581,FEE,PENDING
TXN_ID_0000099,ACCOUNT__0000079,CARD_ID_0000172,MERCHANT_0000016,2023-01-03 20:53:17,250.66831619482204,GBP,0.9528654853034666,CREDIT,DECLINED
TXN_ID_0000100,ACCOUNT__0000175,CARD_ID_0000088,,2023-01-05 22:33:47,402.93265901727324,GBP,0.8035012301172682,CREDIT,POSTED
TXN_ID_0000101,ACCOUNT__0000272,CARD_ID_0000117,,2023-01-06 14:59:13,236.4952944389586,GBP,0.6208657783900899,REFUND,PENDING
TXN_ID_0000102,ACCOUNT__0000227,,,2023-01-07 16:46:19,528.9190264297577,USD,0.4668408919108392,CREDIT,DECLINED
TXN_ID_0000103,ACCOUNT__0000032,CARD_ID_0000019,MERCHANT_0000083,2023-01-03 06:03:04,506.23488906300315,USD,0.8058200915057238,REFUND,DECLINED
TXN_ID_0000104,ACCOUNT__0000206,CARD_ID_0000359,MERCHANT_0000039,2023-01-10 04:15:01,418.09767236935284,HKD,0.13845538984905037,REFUND,POSTED
TXN_ID_0000105,ACCOUNT__0000207,CARD_ID_0000106,MERCHANT_0000080,2023-01-08 22:08:36,368.0984536993676,AUD,1.0798121392627003,FEE,POSTED
TXN_ID_0000106,ACCOUNT__0000155,,MERCHANT_0000050,2023-01-10 05:17:01,404.962617636761,EUR,0.6869025819104807,REFUND,POSTED
TXN_ID_0000107,ACCOUNT__0000048,CARD_ID_0000160,MERCHANT_0000097,2023-01-09 03:14:24,96.75507813630318,USD,0.9823606081882709,REFUND,POSTED
TXN_ID_0000108,ACCOUNT__0000156,CARD_ID_0000259,,2023-01-02 03:32:37,472.6332677095968,USD,0.6730243334866052,DEBIT,PENDING
TXN_ID_0000109,ACCOUNT__0000064,CARD_ID_0000294,MERCHANT_0000059,2023-01-05 12:49:06,550.597235222963,EUR,1.1882300844215257,CREDIT,REVERSED
TXN_ID_0000110,ACCOUNT__0000154,CARD_ID_0000367,MERCHANT_0000018,2023-01-10 02:09:11,216.78264720064516,SGD,0.24259280600246969,CREDIT,REVERSED
TXN_ID_0000111,ACCOUNT__0000233,,MERCHANT_0000053,2023-01-02 09:57:07,59.375109305976366,GBP,0.26916775375299734,CREDIT,DECLINED
TXN_ID_0000112,ACCOUNT__0000040,CARD_ID_0000270,MERCHANT_0000072,2023-01-07 17:14:13,438.02183294089537,EUR,0.7552050420920937,FEE,DECLINED
TXN_ID_0000113,ACCOUNT__0000251,CARD_ID_0000214,MERCHANT_0000019,2023-01-07 13:24:14,78.60887379830751,SGD,0.2684421511426122,DEBIT,POSTED
TXN_ID_0000114,ACCOUNT__0000234,CARD_ID_0000383,,2023-01-08 04:54:41,212.1866308884031,HKD,0.7737122287003698,FEE,PENDING
TXN_ID_0000115,ACCOUNT__0000062,CARD_ID_0000149,,2023-01-03 06:44:11,73.43483068692866,USD,0.5306719439066072,REFUND,DECLINED
TXN_ID_0000116,ACCOUNT__0000015,CARD_ID_0000073,MERCHANT_0000054,2023-01-02 00:15:14,525.1565913832225,USD,0.4333260608514558,CREDIT,DECLINED
TXN_ID_0000117,ACCOUNT__0000002,,MERCHANT_0000006,2023-01-06 11:42:39,273.86880267070296,USD,0.6140406377114906,REFUND,DECLINED
TXN_ID_0000118,ACCOUNT__0000244,CARD_ID_0000311,,2023-01-03 02:25:51,286.8772694916117,GBP,0.6114244487429126,FEE,POSTED
TXN_ID_0000119,ACCOUNT__0000167,,MERCHANT_0000080,2023-01-06 09:23:46,222.06016960294158,HKD,0.49272773391652147,DEBIT,DECLINED
TXN_ID_0000120,ACCOUNT__0000143,CARD_ID_0000085,MERCHANT_0000074,2023-01-09 01:36:57,447.58156796198125,SGD,0.7303174599283997,DEBIT,PENDING
TXN_ID_0000121,ACCOUNT__0000099,CARD_ID_0000278,MERCHANT_0000007,2023-01-08 08:10:44,296.2472148571299,SGD,0.6678235172453878,DEBIT,PENDING
TXN_ID_0000122,ACCOUNT__0000273,,,2023-01-03 22:01:42,143.77561195622636,SGD,1.0797917367526995,FEE,PENDING
TXN_ID_0000123,ACCOUNT__0000274,CARD_ID_0000206,MERCHANT_0000063,2023-01-01 16:51:33,195.9860401080184,USD,0.1557409260408863,REFUND,DECLINED
TXN_ID_0000124,ACCOUNT__0000132,,MERCHANT_0000070,2023-01-03 11:03:44,165.87147606488236,USD,0.9520860197834861,CREDIT,REVERSED
TXN_ID_0000125,ACCOUNT__0000209,CARD_ID_0000031,MERCHANT_0000042,2023-01-03 14:56:12,23.48491261814005,USD,0.5472354910199069,REFUND,POSTED
TXN_ID_0000126,ACCOUNT__0000212,CARD_ID_0000133,MERCHANT_0000016,2023-01-02 01:11:38,120.21154109501882,SGD,0.7570511122274807,FEE,DECLINED
TXN_ID_0000127,ACCOUNT__0000059,CARD_ID_0000163,MERCHANT_0000053,2023-01-02 05:08:57,275.5205877418958,GBP,0.38010228766274856,DEBIT,REVERSED
TXN_ID_0000128,ACCOUNT__0000284,CARD_ID_0000346,,2023-01-08 03:39:12,367.8303267363133,USD,0.7380228320897975,FEE,PENDING
TXN_ID_0000129,ACCOUNT__0000257,CARD_ID_0000073,MERCHANT_0000022,2023-01-04 09:29:30,304.9508998421271,GBP,1.105297223061419,FEE,PENDING
TXN_ID_0000130,ACCOUNT__0000001,CARD_ID_0000318,MERCHANT_0000022,2023-01-01 10:14:29,41.68652955687792,HKD,0.4224341452845818,REFUND,DECLINED
TXN_ID_0000131,ACCOUNT__0000180,CARD_ID_0000109,MERCHANT_0000066,2023-01-04 20:01:16,33.5848287680826,SGD,0.7324972883971831,REFUND,PENDING
TXN_ID_0000132,ACCOUNT__0000203,CARD_ID_0000072,MERCHANT_0000036,2023-01-06 15:54:05,124.78387222558696,GBP,0.9882005120857447,REFUND,REVERSED
TXN_ID_0000133,ACCOUNT__0000232,CARD_ID_0000340,MERCHANT_0000044,2023-01-03 23:25:55,262.0793368658756,GBP,0.14698583929240336,CREDIT,PENDING
TXN_ID_0000134,ACCOUNT__0000244,,,2023-01-03 12:37:45,236.35941258831727,EUR,0.8825306523085017,FEE,PENDING
TXN_ID_0000135,ACCOUNT__0000040,CARD_ID_0000344,MERCHANT_0000016,2023-01-05 16:54:01,544.5795237254266,USD,0.7734026354031512,FEE,POSTED
TXN_ID_0000136,ACCOUNT__0000005,,MERCHANT_0000025,2023-01-06 19:34:33,13.663861465965915,SGD,0.9415104683549246,REFUND,POSTED
TXN_ID_0000137,ACCOUNT__0000047,CARD_ID_0000321,MERCHANT_0000092,2023-01-04 02:29:50,137.69325599473484,GBP,0.5184091212553661,REFUND,DECLINED
TXN_ID_0000138,ACCOUNT__0000108,,MERCHANT_0000082,2023-01-06 05:27:06,69.6870099958688,USD,0.665348433469177,CREDIT,POSTED
TXN_ID_0000139,ACCOUNT__0000290,CARD_ID_0000309,MERCHANT_0000009,2023-01-08 13:23:55,79.22788678038381,USD,0.4077981943556132,CREDIT,REVERSED
TXN_ID_0000140,ACCOUNT__0000099,CARD_ID_0000012,MERCHANT_0000089,2023-01-09 15:29:16,302.4172468138694,USD,0.7293240956583549,FEE,PENDING
TXN_ID_0000141,ACCOUNT__0000219,CARD_ID_0000333,,2023-01-05 08:09:49,247.05031664411993,HKD,0.4232180880027855,FEE,DECLINED
TXN_ID_0000142,ACCOUNT__0000186,CARD_ID_0000023,MERCHANT_0000029,2023-01-01 23:45:46,161.78006643796638,GBP,0.6102818018077232,DEBIT,DECLINED
TXN_ID_0000143,ACCOUNT__0000100,CARD_ID_0000293,MERCHANT_0000095,2023-01-04 03:48:08,547.9197295254935,GBP,0.20965119258452114,CREDIT,POSTED
TXN_ID_0000144,ACCOUNT__0000085,CARD_ID_0000033,MERCHANT_0000013,2023-01-01 18:12:06,273.20148072555537,EUR,0.7640079245196756,REFUND,REVERSED
TXN_ID_0000145,ACCOUNT__0000127,,MERCHANT_0000044,2023-01-02 01:56:16,461.6310384383353,GBP,0.3833157224178009,DEBIT,DECLINED
TXN_ID_0000146,ACCOUNT__0000049,CARD_ID_0000297,,2023-01-02 03:45:34,514.0679794392663,USD,1.0823895980941547,DEBIT,POSTED
TXN_ID_0000147,ACCOUNT__0000032,CARD_ID_0000227,,2023-01-08 19:58:25,353.8411442947328,USD,0.8549939694977942,DEBIT,REVERSED
TXN_ID_0000148,ACCOUNT__0000196,CARD_ID_0000317,MERCHANT_0000030,2023-01-08 16:43:20,442.7923569108382,AUD,0.6151500339865268,FEE,DECLINED
TXN_ID_0000149,ACCOUNT__0000052,CARD_ID_0000346,MERCHANT_0000059,2023-01-07 16:43:57,189.4988084150781,USD,0.23987792948744274,DEBIT,POSTED
TXN_ID_0000150,ACCOUNT__0000294,,MERCHANT_0000046,2023-01-06 12:42:37,273.99171566687227,AUD,0.32893804527948156,CREDIT,PENDING
TXN_ID_0000151,ACCOUNT__0000031,,MERCHANT_0000066,2023-01-09 07:54:22,424.5370597228081,USD,1.0771874437408426,CREDIT,POSTED
TXN_ID_0000152,ACCOUNT__0000241,CARD_ID_0000176,MERCHANT_0000002,2023-01-07 16:52:07,331.9216117166635,AUD,0.19132988135519965,DEBIT,DECLINED
TXN_ID_0000153,ACCOUNT__0000177,,MERCHANT_0000026,2023-01-02 06:00:26,196.8658859053969,AUD,0.8734162871559698,FEE,REVERSED
TXN_ID_0000154,ACCOUNT__0000297,CARD_ID_0000172,MERCHANT_0000054,2023-01-05 09:48:02,97.99741262438604,GBP,0.9744347840121464,DEBIT,DECLINED
TXN_ID_0000155,ACCOUNT__0000113,CARD_ID_0000328,MERCHANT_0000030,2023-01-07 01:58:19,352.59188969467493,USD,0.9160072099576352,REFUND,DECLINED
TXN_ID_0000156,ACCOUNT__0000106,CARD_ID_0000004,MERCHANT_0000010,2023-01-05 18:19:31,25.054700165334463,USD,0.4409165504666915,CREDIT,REVERSED
TXN_ID_0000157,ACCOUNT__0000023,CARD_ID_0000102,,2023-01-03 12:48:25,129.24818980536082,USD,0.31648443671766446,CREDIT,POSTED
TXN_ID_0000158,ACCOUNT__0000101,,MERCHANT_0000013,2023-01-01 16:11:53,467.04232355292874,USD,0.8307100410203118,DEBIT,REVERSED
TXN_ID_0000159,ACCOUNT__0000108,CARD_ID_0000123,MERCHANT_0000048,2023-01-09 10:35:13,103.0049334581994,GBP,0.9849544291759545,FEE,PENDING
TXN_ID_0000160,ACCOUNT__0000061,,MERCHANT_0000025,2023-01-03 17:54:52,302.2039232483121,AUD,0.470208221834284,FEE,POSTED
TXN_ID_0000161,ACCOUNT__0000024,CARD_ID_0000301,,2023-01-07 22:02:59,170.74178443817542,USD,0.3944736636205546,REFUND,POSTED
TXN_ID_0000162,ACCOUNT__0000261,CARD_ID_0000251,MERCHANT_0000011,2023-01-07 03:10:30,444.73496658669006,AUD,0.3091538892255482,FEE,REVERSED
TXN_ID_0000163,ACCOUNT__0000256,CARD_ID_0000092,MERCHANT_0000048,2023-01-07 19:08:21,391.5220850671703,SGD,0.6594274671146364,REFUND,DECLINED
TXN_ID_0000164,ACCOUNT__0000299,CARD_ID_0000107,MERCHANT_0000026,2023-01-06 21:45:40,484.5372974258892,USD,0.45741896886210465,FEE,POSTED
TXN_ID_0000165,ACCOUNT__0000192,CARD_ID_0000044,,2023-01-02 10:33:29,171.21898117769268,GBP,0.3762900086852876,DEBIT,DECLINED
TXN_ID_0000166,ACCOUNT__0000263,CARD_ID_0000219,MERCHANT_0000056,2023-01-06 09:11:58,211.18283575165427,GBP,0.4221308282698458,DEBIT,POSTED
TXN_ID_0000167,ACCOUNT__0000227,CARD_ID_0000331,,2023-01-02 10:05:22,170.92657849711006,GBP,0.7149175219886764,DEBIT,REVERSED
TXN_ID_0000168,ACCOUNT__0000117,,,2023-01-01 21:14:00,309.633372083076,USD,0.8523648378423465,REFUND,REVERSED
TXN_ID_0000169,ACCOUNT__0000141,,MERCHANT_0000018,2023-01-10 02:41:14,416.5112847725584,HKD,0.13913124988959288,REFUND,REVERSED
TXN_ID_0000170,ACCOUNT__0000178,CARD_ID_0000207,MERCHANT_0000075,2023-01-09 08:57:20,15.05773228265491,AUD,1.1885238505485782,CREDIT,DECLINED
TXN_ID_0000171,ACCOUNT__0000117,CARD_ID_0000384,MERCHANT_0000030,2023-01-07 16:19:42,332.23250703860083,GBP,0.6315500134459588,FEE,REVERSED
TXN_ID_0000172,ACCOUNT__0000044,CARD_ID_0000097,MERCHANT_0000090,2023-01-06 11:44:37,124.08599155718431,GBP,0.7275380945370447,REFUND,POSTED
TXN_ID_0000173,ACCOUNT__0000296,CARD_ID_0000157,MERCHANT_0000002,2023-01-07 11:39:38,455.4363638114537,EUR,0.49360979878362243,FEE,DECLINED
TXN_ID_0000174,ACCOUNT__0000207,CARD_ID_0000354,MERCHANT_0000042,2023-01-08 13:02:47,21.316771939538032,SGD,1.1166942838495535,CREDIT,REVERSED
TXN_ID_0000175,ACCOUNT__0000291,CARD_ID_0000309,MERCHANT_0000074,2023-01-06 03:56:13,549.064921656975,USD,0.5479806768012709,FEE,POSTED
TXN_ID_0000176,ACCOUNT__0000244,,MERCHANT_0000058,2023-01-09 04:12:23,501.9512029328344,USD,0.2416150998482668,CREDIT,PENDING
TXN_ID_0000177,ACCOUNT__0000251,,,2023-01-06 02:28:59,165.02541777155994,USD,0.8357397857390596,DEBIT,DECLINED
TXN_ID_0000178,ACCOUNT__0000030,CARD_ID_0000006,,2023-01-06 09:45:19,224.19455808479373,HKD,0.2681773058623427,FEE,DECLINED
TXN_ID_0000179,ACCOUNT__0000036,CARD_ID_0000106,,2023-01-03 21:59:27,179.3310827192565,EUR,0.8413281307221547,CREDIT,REVERSED
TXN_ID_0000180,ACCOUNT__0000104,CARD_ID_0000351,MERCHANT_0000026,2023-01-01 12:15:04,555.0834399066465,GBP,1.0123034081398208,CREDIT,REVERSED
TXN_ID_0000181,ACCOUNT__0000292,CARD_ID_0000236,MERCHANT_0000006,2023-01-02 12:37:08,167.28334942410862,EUR,0.6182480876971524,REFUND,DECLINED
TXN_ID_0000182,ACCOUNT__0000090,CARD_ID_0000092,MERCHANT_0000094,2023-01-06 15:56:05,260.992225864103,HKD,0.3262854212330175,DEBIT,DECLINED
TXN_ID_0000183,ACCOUNT__0000023,CARD_ID_0000081,MERCHANT_0000081,2023-01-07 22:42:38,169.47710917265186,HKD,0.8769070720478548,CREDIT,DECLINED
TXN_ID_0000184,ACCOUNT__0000211,CARD_ID_0000284,,2023-01-05 21:29:03,50.70830031932419,USD,0.9501968159085241,REFUND,DECLINED
TXN_ID_0000185,ACCOUNT__0000231,,MERCHANT_0000006,2023-01-07 00:41:57,23.234910502041217,AUD,0.852915611134601,FEE,DECLINED
TXN_ID_0000186,ACCOUNT__0000176,CARD_ID_0000100,MERCHANT_0000002,2023-01-04 11:04:39,71.74751839465219,HKD,0.48000808795702643,FEE,DECLINED
TXN_ID_0000187,ACCOUNT__0000237,,MERCHANT_0000032,2023-01-10 01:55:44,532.4351608783348,USD,1.0078565579554573,CREDIT,POSTED
TXN_ID_0000188,ACCOUNT__0000010,CARD_ID_0000091,MERCHANT_0000069,2023-01-06 03:55:35,101.4020355365298,AUD,0.14199536125957937,REFUND,POSTED
TXN_ID_0000189,ACCOUNT__0000226,CARD_ID_0000111,MERCHANT_0000087,2023-01-07 21:07:35,127.71582451310053,AUD,1.0250562210323344,DEBIT,DECLINED
TXN_ID_0000190,ACCOUNT__0000158,CARD_ID_0000307,,2023-01-06 00:00:27,431.56350250734783,HKD,0.5308698327270844,CREDIT,POSTED
TXN_ID_0000191,ACCOUNT__0000047,,,2023-01-01 14:19:27,194.41982831076075,USD,0.8457759173780193,CREDIT,PENDING
TXN_ID_0000192,ACCOUNT__0000086,CARD_ID_0000023,MERCHANT_0000014,2023-01-05 09:22:12,186.4577861612502,AUD,0.7984004879118326,FEE,DECLINED
TXN_ID_0000193,ACCOUNT__0000062,CARD_ID_0000055,MERCHANT_0000023,2023-01-01 14:27:02,230.27992859987174,USD,0.5464297257189578,FEE,POSTED
TXN_ID_0000194,ACCOUNT__0000034,CARD_ID_0000143,MERCHANT_0000048,2023-01-01 22:52:53,45.6331945943178,USD,0.4526416460519528,FEE,PENDING
TXN_ID_0000195,ACCOUNT__0000275,CARD_ID_0000292,,2023-01-02 13:40:46,339.326730552177,HKD,0.8750574415606633,CREDIT,REVERSED
TXN_ID_0000196,ACCOUNT__0000090,CARD_ID_0000353,MERCHANT_0000086,2023-01-07 06:30:50,45.733686028499335,USD,1.1059504828303268,FEE,DECLINED
TXN_ID_0000197,ACCOUNT__0000262,CARD_ID_0000120,MERCHANT_0000091,2023-01-01 13:57:17,136.78215633108596,AUD,1.0895539862121648,REFUND,POSTED
TXN_ID_0000198,ACCOUNT__0000220,CARD_ID_0000318,,2023-01-03 02:08:57,215.049781114218,USD,0.29228752636946953,CREDIT,PENDING
TXN_ID_0000199,ACCOUNT__0000122,CARD_ID_0000307,MERCHANT_0000057,2023-01-05 09:49:16,82.54825704460389,USD,0.9720588435510429,DEBIT,DECLINED
TXN_ID_0000200,ACCOUNT__0000148,CARD_ID_0000118,MERCHANT_0000043,2023-01-05 13:54:36,142.10031452408666,GBP,1.10009630174872,CREDIT,POSTED
TXN_ID_0000201,ACCOUNT__0000196,CARD_ID_0000094,MERCHANT_0000001,2023-01-02 04:54:15,488.23150705278454,USD,0.3359380285870607,CREDIT,POSTED
TXN_ID_0000202,ACCOUNT__0000065,,MERCHANT_0000027,2023-01-04 06:54:49,288.34463869115507,GBP,0.6297694448624951,CREDIT,POSTED
TXN_ID_0000203,ACCOUNT__0000126,CARD_ID_0000311,MERCHANT_0000037,2023-01-08 09:58:42,255.72156259194597,AUD,0.4208910396903403,FEE,PENDING
TXN_ID_0000204,ACCOUNT__0000185,CARD_ID_0000086,MERCHANT_0000055,2023-01-07 13:15:37,344.5809126184348,GBP,0.2967899607641702,FEE,PENDING
TXN_ID_0000205,ACCOUNT__0000196,CARD_ID_0000043,MERCHANT_0000039,2023-01-08 15:26:34,304.76452075145005,GBP,0.3179982701338987,FEE,DECLINED
TXN_ID_0000206,ACCOUNT__0000157,CARD_ID_0000193,MERCHANT_0000062,2023-01-02 07:02:14,192.27862810243647,SGD,0.33941585135128466,CREDIT,PENDING
TXN_ID_0000207,ACCOUNT__0000007,CARD_ID_0000374,MERCHANT_0000063,2023-01-06 07:55:06,519.0186258057118,HKD,1.1684271212976243,REFUND,DECLINED
TXN_ID_0000208,ACCOUNT__0000251,CARD_ID_0000302,,2023-01-01 21:23:32,555.8485667762473,USD,1.1273786277711477,CREDIT,POSTED
TXN_ID_0000209,ACCOUNT__0000224,CARD_ID_0000395,MERCHANT_0000093,2023-01-05 15:36:51,289.54901243064063,GBP,0.8666836528029528,DEBIT,DECLINED
TXN_ID_0000210,ACCOUNT__0000218,CARD_ID_0000125,MERCHANT_0000047,2023-01-09 01:51:41,398.1672638397568,USD,0.842272932086191,CREDIT,REVERSED
TXN_ID_0000211,ACCOUNT__0000234,CARD_ID_0000076,MERCHANT_0000078,2023-01-08 10:32:15,533.4057023594265,EUR,0.14320100460128318,DEBIT,DECLINED
TXN_ID_0000212,ACCOUNT__0000204,CARD_ID_0000042,MERCHANT_0000025,2023-01-06 13:16:29,99.95171946366787,GBP,0.8702653748793521,FEE,REVERSED
TXN_ID_0000213,ACCOUNT__0000211,CARD_ID_0000373,MERCHANT_0000014,2023-01-09 03:23:03,324.29534998793264,SGD,1.0012239831887437,REFUND,POSTED
TXN_ID_0000214,ACCOUNT__0000204,CARD_ID_0000004,MERCHANT_0000063,2023-01-01 10:32:35,61.924169708174325,SGD,0.5770883779355087,FEE,REVERSED
TXN_ID_0000215,ACCOUNT__0000221,,MERCHANT_0000091,2023-01-03 01:12:37,117.70832168898653,USD,1.1448771432634808,FEE,POSTED
TXN_ID_0000216,ACCOUNT__0000096,CARD_ID_0000384,,2023-01-03 17:58:25,151.5325819410036,HKD,0.5674078703044472,DEBIT,POSTED
TXN_ID_0000217,ACCOUNT__0000041,CARD_ID_0000194,,2023-01-02 04:48:04,197.19678263262776,GBP,0.6413499169733966,DEBIT,PENDING
TXN_ID_0000218,ACCOUNT__0000032,CARD_ID_0000004,MERCHANT_0000006,2023-01-02 14:17:26,124.90419967895369,SGD,0.5319624095052018,REFUND,DECLINED
TXN_ID_0000219,ACCOUNT__0000243,CARD_ID_0000310,MERCHANT_0000048,2023-01-09 16:41:22,499.4189361833573,HKD,1.0040264954892457,REFUND,DECLINED
TXN_ID_0000220,ACCOUNT__0000194,CARD_ID_0000183,MERCHANT_0000013,2023-01-01 10:58:54,260.4909715362164,AUD,0.9059856003813491,CREDIT,PENDING
TXN_ID_0000221,ACCOUNT__0000063,CARD_ID_0000144,MERCHANT_0000097,2023-01-04 10:28:30,211.68908716539156,AUD,0.8349974325354603,FEE,DECLINED
TXN_ID_0000222,ACCOUNT__0000097,,MERCHANT_0000042,2023-01-01 14:55:38,358.02818134541354,EUR,1.167469406977943,REFUND,DECLINED
TXN_ID_0000223,ACCOUNT__0000120,CARD_ID_0000205,MERCHANT_0000011,2023-01-05 15:32:34,244.49582867998802,HKD,1.1260036195028604,DEBIT,DECLINED
TXN_ID_0000224,ACCOUNT__0000151,CARD_ID_0000365,,2023-01-07 17:33:36,491.7430546797721,SGD,0.8968322233852831,DEBIT,POSTED
TXN_ID_0000225,ACCOUNT__0000255,CARD_ID_0000155,MERCHANT_0000071,2023-01-07 02:02:58,101.18114753715193,GBP,0.25377614673912774,CREDIT,POSTED
TXN_ID_0000226,ACCOUNT__0000109,,MERCHANT_0000090,2023-01-02 12:07:56,66.66652692737959,HKD,0.16126730651745005,REFUND,DECLINED
TXN_ID_0000227,ACCOUNT__0000144,CARD_ID_0000132,MERCHANT_0000086,2023-01-02 21:56:17,375.51021689079454,HKD,0.807896563978444,FEE,PENDING
TXN_ID_0000228,ACCOUNT__0000171,CARD_ID_0000295,MERCHANT_0000077,2023-01-02 04:55:08,363.6585771462993,USD,0.8976637255026069,FEE,DECLINED
TXN_ID_0000229,ACCOUNT__0000120,CARD_ID_0000060,MERCHANT_0000015,2023-01-02 12:02:49,196.1411764691065,GBP,0.3313273179288282,DEBIT,REVERSED
TXN_ID_0000230,ACCOUNT__0000066,CARD_ID_0000195,MERCHANT_0000001,2023-01-05 04:36:36,42.62954254387292,GBP,1.036416898409394,FEE,REVERSED
TXN_ID_0000231,ACCOUNT__0000187,CARD_ID_0000065,MERCHANT_0000078,2023-01-08 14:09:33,131.01106881560486,USD,0.7059734493645083,FEE,REVERSED
TXN_ID_0000232,ACCOUNT__0000075,CARD_ID_0000152,MERCHANT_0000064,2023-01-09 16:08:31,259.86516859609696,AUD,0.2860816474955836,DEBIT,REVERSED
TXN_ID_0000233,ACCOUNT__0000159,CARD_ID_0000353,,2023-01-09 23:52:22,325.04553212428783,AUD,0.3608044175779618,REFUND,DECLINED
TXN_ID_0000234,ACCOUNT__0000031,CARD_ID_0000171,,2023-01-10 02:51:23,124.65311675675638,SGD,0.9971479578377808,DEBIT,POSTED
TXN_ID_0000235,ACCOUNT__0000250,CARD_ID_0000154,MERCHANT_0000085,2023-01-03 08:27:06,555.0713630720492,GBP,0.49102885799115953,FEE,REVERSED
TXN_ID_0000236,ACCOUNT__0000201,CARD_ID_0000271,MERCHANT_0000037,2023-01-09 20:55:03,517.5696781396368,SGD,0.7163707340608277,DEBIT,POSTED
TXN_ID_0000237,ACCOUNT__0000166,CARD_ID_0000298,MERCHANT_0000007,2023-01-10 00:45:56,176.196815247306,AUD,0.7475584276556239,FEE,DECLINED
TXN_ID_0000238,ACCOUNT__0000150,CARD_ID_0000108,MERCHANT_0000096,2023-01-03 19:04:19,414.0283714507353,USD,0.9067745376085576,DEBIT,POSTED
TXN_ID_0000239,ACCOUNT__0000193,CARD_ID_0000219,MERCHANT_0000022,2023-01-02 02:29:27,61.47032414454588,HKD,0.32220718094123607,DEBIT,PENDING
TXN_ID_0000240,ACCOUNT__0000264,CARD_ID_0000304,MERCHANT_0000020,2023-01-09 00:42:08,406.9865552582047,USD,0.25711871972467965,FEE,DECLINED
TXN_ID_0000241,ACCOUNT__0000155,CARD_ID_0000089,MERCHANT_0000049,2023-01-09 19:34:59,555.1269239755113,AUD,0.2258839290750918,FEE,DECLINED
TXN_ID_0000242,ACCOUNT__0000141,CARD_ID_0000228,MERCHANT_0000016,2023-01-02 20:03:12,54.074300295199684,GBP,0.8456076645260447,CREDIT,PENDING
TXN_ID_0000243,ACCOUNT__0000294,CARD_ID_0000246,MERCHANT_0000096,2023-01-02 13:37:26,446.5805584711788,USD,0.6480848807092827,FEE,REVERSED
TXN_ID_0000244,ACCOUNT__0000293,,MERCHANT_0000092,2023-01-07 22:38:41,110.46675148635936,EUR,0.1511286356401614,FEE,PENDING
TXN_ID_0000245,ACCOUNT__0000266,CARD_ID_0000276,MERCHANT_0000084,2023-01-02 22:13:37,424.0597810095026,USD,0.8346831478210869,DEBIT,POSTED
TXN_ID_0000246,ACCOUNT__0000093,,MERCHANT_0000041,2023-01-02 21:55:22,30.087453261330815,GBP,0.8283253354020041,DEBIT,REVERSED
TXN_ID_0000247,ACCOUNT__0000018,,,2023-01-05 01:03:01,209.0031418420471,GBP,0.5826649202071152,DEBIT,POSTED
TXN_ID_0000248,ACCOUNT__0000154,,MERCHANT_0000038,2023-01-09 10:04:36,303.05747276822876,USD,0.6547738228273285,REFUND,REVERSED
TXN_ID_0000249,ACCOUNT__0000276,CARD_ID_0000353,,2023-01-01 23:06:48,139.26084611385141,USD,0.4506888756603831,CREDIT,POSTED
TXN_ID_0000250,ACCOUNT__0000283,CARD_ID_0000184,MERCHANT_0000094,2023-01-08 23:20:42,241.2412790433269,GBP,0.40892165317019125,CREDIT,DECLINED
TXN_ID_0000251,ACCOUNT__0000234,,MERCHANT_0000055,2023-01-09 20:22:32,87.49903849550509,USD,0.8036379764524261,REFUND,POSTED
TXN_ID_0000252,ACCOUNT__0000191,CARD_ID_0000332,MERCHANT_0000078,2023-01-03 09:51:51,239.95708962600412,USD,1.1919204208473038,FEE,DECLINED
TXN_ID_0000253,ACCOUNT__0000014,CARD_ID_0000127,,2023-01-02 22:22:54,301.60579626008536,AUD,0.565255952630762,REFUND,PENDING
TXN_ID_0000254,ACCOUNT__0000186,CARD_ID_0000399,MERCHANT_0000029,2023-01-04 17:47:19,13.939627953005502,USD,1.1665876298977533,FEE,PENDING
TXN_ID_0000255,ACCOUNT__0000064,,MERCHANT_0000040,2023-01-08 13:35:29,461.4708018969684,GBP,0.6959873271236062,REFUND,REVERSED
TXN_ID_0000256,ACCOUNT__0000051,CARD_ID_0000088,MERCHANT_0000097,2023-01-06 03:33:06,108.14087505163882,EUR,0.8552587149721406,FEE,DECLINED
TXN_ID_0000257,ACCOUNT__0000066,CARD_ID_0000352,MERCHANT_0000020,2023-01-09 09:36:44,78.19215042652624,USD,0.9169019410467578,DEBIT,REVERSED
TXN_ID_0000258,ACCOUNT__0000128,CARD_ID_0000215,MERCHANT_0000024,2023-01-06 17:56:22,552.4148209708317,SGD,0.6673852928496675,REFUND,DECLINED
TXN_ID_0000259,ACCOUNT__0000267,CARD_ID_0000118,MERCHANT_0000012,2023-01-05 03:06:49,232.69290363769224,USD,0.22645043484199082,DEBIT,PENDING
TXN_ID_0000260,ACCOUNT__0000123,CARD_ID_0000085,MERCHANT_0000011,2023-01-04 21:20:36,314.11911583072197,GBP,1.0655576691884048,FEE,POSTED
TXN_ID_0000261,ACCOUNT__0000246,CARD_ID_0000351,MERCHANT_0000069,2023-01-09 21:21:22,77.2674098098092,USD,0.3334968842167291,DEBIT,DECLINED
TXN_ID_0000262,ACCOUNT__0000274,CARD_ID_0000126,MERCHANT_0000085,2023-01-07 19:54:24,385.76907318808344,USD,0.6100576867325059,CREDIT,POSTED
TXN_ID_0000263,ACCOUNT__0000090,,MERCHANT_0000066,2023-01-05 16:59:13,533.794706639461,GBP,0.5356313994707005,REFUND,PENDING
TXN_ID_0000264,ACCOUNT__0000174,CARD_ID_0000128,MERCHANT_0000099,2023-01-02 20:24:50,168.47070379552738,GBP,0.4132833428530436,DEBIT,DECLINED
TXN_ID_0000265,ACCOUNT__0000112,CARD_ID_0000330,MERCHANT_0000005,2023-01-07 00:57:30,500.71039039409453,EUR,0.19152150020484737,DEBIT,DECLINED
TXN_ID_0000266,ACCOUNT__0000169,CARD_ID_0000055,,2023-01-10 04:30:26,111.1659750770073,USD,0.23843142331361822,FEE,POSTED
TXN_ID_0000267,ACCOUNT__0000044,CARD_ID_0000079,MERCHANT_0000063,2023-01-01 12:05:46,94.33016590290032,AUD,0.37192189919686,FEE,REVERSED
TXN_ID_0000268,ACCOUNT__0000154,CARD_ID_0000094,MERCHANT_0000035,2023-01-02 17:44:34,554.1371395280398,AUD,0.6001116698470912,CREDIT,REVERSED
TXN_ID_0000269,ACCOUNT__0000223,,MERCHANT_0000091,2023-01-03 19:53:25,69.53210219030257,USD,0.27303795488301086,FEE,REVERSED
TXN_ID_0000270,ACCOUNT__0000017,,,2023-01-07 05:41:17,537.7739176406075,HKD,0.25710776746699204,FEE,DECLINED
TXN_ID_0000271,ACCOUNT__0000066,CARD_ID_0000392,MERCHANT_0000052,2023-01-07 12:15:36,408.8859979498686,SGD,1.0134340700959257,CREDIT,PENDING
TXN_ID_0000272,ACCOUNT__0000056,CARD_ID_0000065,,2023-01-07 11:43:08,16.027398837453113,AUD,0.18568262551569958,REFUND,DECLINED
TXN_ID_0000273,ACCOUNT__0000005,CARD_ID_0000149,MERCHANT_0000011,2023-01-06 15:01:28,145.1326355123047,USD,0.6770266240085694,CREDIT,REVERSED
TXN_ID_0000274,ACCOUNT__0000059,CARD_ID_0000359,MERCHANT_0000055,2023-01-03 19:52:30,269.8518947110562,SGD,0.24027943492103437,CREDIT,POSTED
TXN_ID_0000275,ACCOUNT__0000077,CARD_ID_0000068,MERCHANT_0000036,2023-01-03 18:03:32,520.8977298374051,GBP,0.7896200732411335,DEBIT,PENDING
TXN_ID_0000276,ACCOUNT__0000195,CARD_ID_0000157,MERCHANT_0000030,2023-01-04 02:40:48,193.9020850768747,GBP,0.6755541512144201,DEBIT,REVERSED
TXN_ID_0000277,ACCOUNT__0000057,CARD_ID_0000144,MERCHANT_0000092,2023-01-06 11:51:22,144.70320320049112,EUR,0.32447423773818734,DEBIT,PENDING
TXN_ID_0000278,ACCOUNT__0000165,CARD_ID_0000242,MERCHANT_0000078,2023-01-02 15:25:56,246.145500864381,USD,0.6556763918625707,REFUND,REVERSED
TXN_ID_0000279,ACCOUNT__0000058,,,2023-01-08 02:47:50,433.41069990306204,USD,0.5158085172860513,REFUND,REVERSED
TXN_ID_0000280,ACCOUNT__0000122,CARD_ID_0000108,MERCHANT_0000012,2023-01-02 17:03:52,80.46270099432454,SGD,0.25877915154331665,CREDIT,POSTED
TXN_ID_0000281,ACCOUNT__0000229,CARD_ID_0000039,MERCHANT_0000080,2023-01-05 13:57:34,174.76424393453362,GBP,0.9442571744035112,CREDIT,PENDING
TXN_ID_0000282,ACCOUNT__0000066,,MERCHANT_0000033,2023-01-08 05:17:45,546.2820757557284,EUR,0.6098759755041834,DEBIT,DECLINED
TXN_ID_0000283,ACCOUNT__0000035,CARD_ID_0000269,MERCHANT_0000065,2023-01-01 16:27:17,100.56472307393878,USD,1.165211027174887,REFUND,PENDING
TXN_ID_0000284,ACCOUNT__0000290,,MERCHANT_0000025,2023-01-06 05:51:42,281.50678420147966,GBP,0.6794318351860797,DEBIT,POSTED
TXN_ID_0000285,ACCOUNT__0000225,CARD_ID_0000197,MERCHANT_0000050,2023-01-06 06:50:20,343.38093619219245,USD,0.13385258466901828,CREDIT,PENDING
TXN_ID_0000286,ACCOUNT__0000263,CARD_ID_0000363,MERCHANT_0000034,2023-01-05 02:27:28,478.6400058233401,USD,0.4173106778472772,DEBIT,POSTED
TXN_ID_0000287,ACCOUNT__0000115,,MERCHANT_0000006,2023-01-09 04:23:05,90.1989212038991,EUR,1.1221553144028737,REFUND,PENDING
TXN_ID_0000288,ACCOUNT__0000128,CARD_ID_0000108,MERCHANT_0000001,2023-01-09 07:00:54,200.12523722592448,AUD,0.5249478733337014,DEBIT,REVERSED
TXN_ID_0000289,ACCOUNT__0000069,CARD_ID_0000314,MERCHANT_0000008,2023-01-09 00:24:21,458.4810690636941,EUR,0.3646291642010959,REFUND,POSTED
TXN_ID_0000290,ACCOUNT__0000132,CARD_ID_0000276,MERCHANT_0000100,2023-01-08 11:58:13,67.2031669915848,SGD,0.5387196459759194,REFUND,POSTED
TXN_ID_0000291,ACCOUNT__0000227,CARD_ID_0000138,MERCHANT_0000081,2023-01-06 05:16:13,94.33627464994662,USD,0.9071261526217818,REFUND,POSTED
TXN_ID_0000292,ACCOUNT__0000246,,,2023-01-03 15:58:35,458.3022901832105,USD,0.7395340440038938,CREDIT,REVERSED
TXN_ID_0000293,ACCOUNT__0000011,CARD_ID_0000091,MERCHANT_0000088,2023-01-08 19:07:27,112.09818145114143,USD,0.586242682802838,FEE,DECLINED
TXN_ID_0000294,ACCOUNT__0000052,CARD_ID_0000071,MERCHANT_0000002,2023-01-08 17:48:19,63.501063625500564,USD,0.24773800108150837,DEBIT,PENDING
TXN_ID_0000295,ACCOUNT__0000068,CARD_ID_0000043,MERCHANT_0000081,2023-01-08 16:44:25,15.943542566216227,HKD,1.1546509294739136,DEBIT,REVERSED
TXN_ID_0000296,ACCOUNT__0000044,CARD_ID_0000246,MERCHANT_0000057,2023-01-03 09:36:09,178.0228234340519,GBP,0.3908754786088077,REFUND,PENDING
TXN_ID_0000297,ACCOUNT__0000011,CARD_ID_0000053,MERCHANT_0000014,2023-01-07 15:04:51,497.38096288085416,GBP,0.1312951501162249,CREDIT,PENDING
TXN_ID_0000298,ACCOUNT__0000117,CARD_ID_0000076,MERCHANT_0000037,2023-01-04 03:52:36,516.8125410583841,AUD,0.8648399284937945,DEBIT,DECLINED
TXN_ID_0000299,ACCOUNT__0000087,CARD_ID_0000115,,2023-01-04 20:10:03,205.55530907641275,AUD,0.2566355383822921,DEBIT,PENDING
TXN_ID_0000300,ACCOUNT__0000078,,MERCHANT_0000077,2023-01-03 14:54:35,383.20747140811653,USD,0.8439825219307985,REFUND,REVERSED
TXN_ID_0000301,ACCOUNT__0000179,CARD_ID_0000139,MERCHANT_0000085,2023-01-05 21:35:42,522.984331506257,EUR,0.8910981499745799,DEBIT,PENDING
TXN_ID_0000302,ACCOUNT__0000077,CARD_ID_0000076,MERCHANT_0000050,2023-01-06 20:11:34,406.32092019515613,SGD,0.6419222541278246,DEBIT,PENDING
TXN_ID_0000303,ACCOUNT__0000296,CARD_ID_0000373,MERCHANT_0000012,2023-01-05 08:10:46,557.1165829959211,USD,0.5419686154819381,REFUND,DECLINED
TXN_ID_0000304,ACCOUNT__0000218,CARD_ID_0000212,MERCHANT_0000082,2023-01-05 11:12:43,84.72903443784057,HKD,1.1161172466212634,FEE,DECLINED
TXN_ID_0000305,ACCOUNT__0000282,CARD_ID_0000274,MERCHANT_0000069,2023-01-04 05:06:32,220.62193027224518,GBP,0.5813696143316637,CREDIT,PENDING
TXN_ID_0000306,ACCOUNT__0000121,CARD_ID_0000105,MERCHANT_0000003,2023-01-05 19:38:22,316.4435191256581,HKD,1.1153673878153207,DEBIT,REVERSED
TXN_ID_0000307,ACCOUNT__0000185,CARD_ID_0000399,MERCHANT_0000038,2023-01-07 00:10:52,87.99334362999842,EUR,1.1698469735423895,FEE,POSTED
TXN_ID_0000308,ACCOUNT__0000108,CARD_ID_0000029,MERCHANT_0000016,2023-01-09 20:44:38,396.7355151430274,USD,0.15819116417207646,FEE,REVERSED
TXN_ID_0000309,ACCOUNT__0000028,CARD_ID_0000340,MERCHANT_0000062,2023-01-08 15:04:36,488.5680529343524,USD,0.5208113135484376,DEBIT,POSTED
TXN_ID_0000310,ACCOUNT__0000040,,MERCHANT_0000054,2023-01-03 05:41:29,430.62786367615394,GBP,0.27992026605065623,REFUND,DECLINED
TXN_ID_0000311,ACCOUNT__0000211,CARD_ID_0000228,MERCHANT_0000089,2023-01-01 13:55:51,166.65314241397056,USD,1.0728381421970283,DEBIT,POSTED
TXN_ID_0000312,ACCOUNT__0000258,,MERCHANT_0000055,2023-01-09 16:07:10,531.4554426267821,GBP,0.8912052397249973,REFUND,REVERSED
TXN_ID_0000313,ACCOUNT__0000117,CARD_ID_0000081,MERCHANT_0000012,2023-01-07 17:58:53,216.72449447457743,HKD,0.9251541702948117,FEE,PENDING
TXN_ID_0000314,ACCOUNT__0000113,CARD_ID_0000382,MERCHANT_0000078,2023-01-02 08:34:19,458.83219783286205,GBP,0.46511293663374287,FEE,DECLINED
TXN_ID_0000315,ACCOUNT__0000085,,MERCHANT_0000055,2023-01-03 18:48:09,157.36063743221078,USD,0.5180907431648184,REFUND,PENDING
TXN_ID_0000316,ACCOUNT__0000123,CARD_ID_0000278,,2023-01-03 23:48:23,337.8065818365948,SGD,0.4607585204458673,CREDIT,PENDING
TXN_ID_0000317,ACCOUNT__0000124,CARD_ID_0000292,MERCHANT_0000073,2023-01-07 07:00:08,33.692857895038784,USD,1.1395547813192546,DEBIT,REVERSED
TXN_ID_0000318,ACCOUNT__0000145,CARD_ID_0000257,,2023-01-06 03:51:57,408.7170008625408,HKD,0.8818427872800414,DEBIT,REVERSED
TXN_ID_0000319,ACCOUNT__0000209,CARD_ID_0000258,,2023-01-03 05:49:42,21.562448843026832,SGD,0.6403397463813667,DEBIT,REVERSED
TXN_ID_0000320,ACCOUNT__0000083,,MERCHANT_0000081,2023-01-02 13:15:22,533.9792895557894,USD,0.3607425006031941,CREDIT,POSTED
TXN_ID_0000321,ACCOUNT__0000257,CARD_ID_0000374,MERCHANT_0000067,2023-01-05 13:31:39,255.28533447624406,USD,0.4412005008424706,FEE,PENDING
TXN_ID_0000322,ACCOUNT__0000199,CARD_ID_0000313,MERCHANT_0000020,2023-01-08 07:12:18,354.725989959494,GBP,0.9910572953968321,CREDIT,REVERSED
TXN_ID_0000323,ACCOUNT__0000281,CARD_ID_0000045,MERCHANT_0000059,2023-01-05 05:27:37,102.09927801513572,USD,0.20293316863272734,REFUND,REVERSED
TXN_ID_0000324,ACCOUNT__0000046,,MERCHANT_0000059,2023-01-04 13:12:53,552.3580351472154,HKD,0.9465666156114928,FEE,POSTED
TXN_ID_0000325,ACCOUNT__0000064,CARD_ID_0000250,,2023-01-04 21:34:08,229.6179766847329,EUR,1.1113399245457773,CREDIT,DECLINED
TXN_ID_0000326,ACCOUNT__0000188,CARD_ID_0000320,MERCHANT_0000048,2023-01-02 10:24:06,384.7337946063028,GBP,0.41122535302361257,DEBIT,PENDING
TXN_ID_0000327,ACCOUNT__0000126,CARD_ID_0000288,,2023-01-02 16:45:12,168.79932100151223,USD,0.5572300497710498,DEBIT,POSTED
TXN_ID_0000328,ACCOUNT__0000199,CARD_ID_0000343,,2023-01-07 01:46:48,266.87151696033914,GBP,1.0055700275107673,DEBIT,PENDING
TXN_ID_0000329,ACCOUNT__0000093,CARD_ID_0000204,MERCHANT_0000026,2023-01-06 07:02:04,189.78943138611353,USD,1.196188908343578,FEE,POSTED
TXN_ID_0000330,ACCOUNT__0000244,,MERCHANT_0000070,2023-01-03 07:26:46,531.6163245565228,USD,0.3584130508646345,DEBIT,DECLINED
TXN_ID_0000331,ACCOUNT__0000032,CARD_ID_0000186,MERCHANT_0000061,2023-01-04 00:14:47,38.32374957306924,EUR,1.1493301601090993,FEE,REVERSED
TXN_ID_0000332,ACCOUNT__0000130,CARD_ID_0000043,,2023-01-04 17:51:50,231.8952667680574,USD,0.8920611714796749,FEE,POSTED
TXN_ID_0000333,ACCOUNT__0000133,,,2023-01-06 14:54:10,197.12356006574794,SGD,0.3060506110080158,REFUND,DECLINED
TXN_ID_0000334,ACCOUNT__0000247,CARD_ID_0000353,MERCHANT_0000090,2023-01-06 17:18:21,204.1128456391222,AUD,0.5463776247995107,DEBIT,POSTED
TXN_ID_0000335,ACCOUNT__0000040,CARD_ID_0000297,MERCHANT_0000042,2023-01-09 11:30:20,552.4819227916178,HKD,0.9248348917290669,REFUND,PENDING
TXN_ID_0000336,ACCOUNT__0000078,CARD_ID_0000076,MERCHANT_0000041,2023-01-02 19:10:25,445.29727562101056,AUD,0.41119888273730953,DEBIT,DECLINED
TXN_ID_0000337,ACCOUNT__0000065,CARD_ID_0000328,MERCHANT_0000013,2023-01-01 20:42:38,129.07045875309186,HKD,0.5795884365230597,CREDIT,DECLINED
TXN_ID_0000338,ACCOUNT__0000111,CARD_ID_0000098,MERCHANT_0000074,2023-01-01 14:16:09,212.6964129343577,USD,0.4530805841045137,REFUND,PENDING
TXN_ID_0000339,ACCOUNT__0000256,CARD_ID_0000234,MERCHANT_0000046,2023-01-05 16:40:20,465.2445020017814,GBP,1.1722550710189106,REFUND,PENDING
TXN_ID_0000340,ACCOUNT__0000091,CARD_ID_0000192,,2023-01-08 15:21:29,98.20541176076028,GBP,0.43497989039307833,FEE,REVERSED
TXN_ID_0000341,ACCOUNT__0000051,CARD_ID_0000054,,2023-01-01 14:52:04,348.3675949370261,GBP,0.6611532741221765,DEBIT,DECLINED
TXN_ID_0000342,ACCOUNT__0000258,CARD_ID_0000017,MERCHANT_0000054,2023-01-03 23:47:42,131.41797303743255,GBP,0.5377554192581488,CREDIT,DECLINED
TXN_ID_0000343,ACCOUNT__0000064,CARD_ID_0000238,MERCHANT_0000083,2023-01-09 23:05:24,441.2262959051572,USD,1.1353899862681986,CREDIT,REVERSED
TXN_ID_0000344,ACCOUNT__0000138,CARD_ID_0000136,MERCHANT_0000054,2023-01-09 14:11:47,141.7172731629974,HKD,0.5735756262016433,DEBIT,PENDING
TXN_ID_0000345,ACCOUNT__0000079,CARD_ID_0000266,MERCHANT_0000077,2023-01-05 06:33:12,193.3021008743459,HKD,1.1923271635928825,CREDIT,DECLINED
TXN_ID_0000346,ACCOUNT__0000099,CARD_ID_0000202,MERCHANT_0000074,2023-01-06 15:04:06,79.57206112201902,AUD,1.1757705290547054,CREDIT,DECLINED
TXN_ID_0000347,ACCOUNT__0000163,CARD_ID_0000224,MERCHANT_0000091,2023-01-02 22:52:46,286.59776118235703,AUD,0.9691809845675007,REFUND,POSTED
TXN_ID_0000348,ACCOUNT__0000166,CARD_ID_0000048,,2023-01-01 13:26:38,355.33511059487444,GBP,0.1597656176341072,DEBIT,DECLINED
TXN_ID_0000349,ACCOUNT__0000013,CARD_ID_0000067,MERCHANT_0000082,2023-01-09 02:01:17,437.340746291011,USD,0.828199310010395,CREDIT,REVERSED
TXN_ID_0000350,ACCOUNT__0000100,CARD_ID_0000126,MERCHANT_0000049,2023-01-04 13:57:12,372.0806190486215,USD,1.1304242059128984,DEBIT,PENDING
TXN_ID_0000351,ACCOUNT__0000057,CARD_ID_0000306,,2023-01-03 03:23:45,164.27836569391232,EUR,0.22927154088614965,FEE,REVERSED
TXN_ID_0000352,ACCOUNT__0000107,CARD_ID_0000252,MERCHANT_0000053,2023-01-02 07:30:49,276.8142881580313,AUD,0.3550166909802701,FEE,DECLINED
TXN_ID_0000353,ACCOUNT__0000161,CARD_ID_0000231,MERCHANT_0000024,2023-01-05 01:06:07,14.092370833132046,USD,0.7370044193073982,DEBIT,PENDING
TXN_ID_0000354,ACCOUNT__0000176,CARD_ID_0000248,MERCHANT_0000077,2023-01-08 01:15:28,11.265526997678904,GBP,0.402316093381077,DEBIT,POSTED
TXN_ID_0000355,ACCOUNT__0000016,CARD_ID_0000266,MERCHANT_0000020,2023-01-04 01:05:13,486.58115326417374,USD,0.36214483038755085,REFUND,POSTED
TXN_ID_0000356,ACCOUNT__0000113,,MERCHANT_0000017,2023-01-04 16:01:29,159.4270649782459,USD,0.22840773182326635,REFUND,DECLINED
TXN_ID_0000357,ACCOUNT__0000254,CARD_ID_0000205,MERCHANT_0000033,2023-01-03 12:27:41,117.62885865503686,EUR,0.8976138641741762,FEE,PENDING
TXN_ID_0000358,ACCOUNT__0000299,CARD_ID_0000301,MERCHANT_0000027,2023-01-10 04:23:55,277.53923191174584,EUR,0.5833989342903558,REFUND,REVERSED
TXN_ID_0000359,ACCOUNT__0000056,CARD_ID_0000220,,2023-01-05 16:52:38,214.7392084612616,AUD,0.1987648905877889,CREDIT,PENDING
TXN_ID_0000360,ACCOUNT__0000262,CARD_ID_0000210,MERCHANT_0000083,2023-01-07 20:36:07,202.76771463950072,USD,0.3224975324844814,REFUND,DECLINED
TXN_ID_0000361,ACCOUNT__0000096,CARD_ID_0000038,MERCHANT_0000048,2023-01-05 22:25:32,88.48938130142,USD,0.14030730955966098,DEBIT,REVERSED
TXN_ID_0000362,ACCOUNT__0000110,CARD_ID_0000165,MERCHANT_0000072,2023-01-02 05:22:32,221.15337209711416,AUD,0.694170726781233,DEBIT,REVERSED
TXN_ID_0000363,ACCOUNT__0000039,CARD_ID_0000331,MERCHANT_0000097,2023-01-06 16:50:46,183.75748703693637,USD,0.34092187988114286,FEE,DECLINED
TXN_ID_0000364,ACCOUNT__0000024,CARD_ID_0000216,,2023-01-06 21:57:59,102.88356056205194,USD,0.5396575444413083,DEBIT,REVERSED
TXN_ID_0000365,ACCOUNT__0000010,CARD_ID_0000295,MERCHANT_0000060,2023-01-04 20:54:39,80.77851512779321,HKD,0.1695987690131186,DEBIT,REVERSED
TXN_ID_0000366,ACCOUNT__0000009,,,2023-01-06 10:59:01,407.3743987828534,USD,0.9364507389071,FEE,PENDING
TXN_ID_0000367,ACCOUNT__0000285,CARD_ID_0000253,MERCHANT_0000051,2023-01-05 01:00:41,392.59600178269824,GBP,1.0380793747005903,DEBIT,REVERSED
TXN_ID_0000368,ACCOUNT__0000053,,,2023-01-01 13:06:41,85.01203450919931,HKD,1.0516859843263835,FEE,POSTED
TXN_ID_0000369,ACCOUNT__0000088,,MERCHANT_0000048,2023-01-07 22:39:30,554.245113922098,HKD,1.0587759135377803,REFUND,PENDING
TXN_ID_0000370,ACCOUNT__0000057,,MERCHANT_0000034,2023-01-05 10:00:26,387.8887600111363,SGD,0.5361254166722735,CREDIT,POSTED
TXN_ID_0000371,ACCOUNT__0000299,CARD_ID_0000065,MERCHANT_0000019,2023-01-08 12:13:25,498.1208245035988,HKD,0.5722244919947304,FEE,PENDING
TXN_ID_0000372,ACCOUNT__0000268,CARD_ID_0000296,MERCHANT_0000063,2023-01-04 19:47:49,186.03411674956342,SGD,0.3716386546807387,REFUND,REVERSED
TXN_ID_0000373,ACCOUNT__0000043,CARD_ID_0000125,MERCHANT_0000095,2023-01-03 22:03:12,391.7732334064411,USD,0.6592281528151452,CREDIT,PENDING
TXN_ID_0000374,ACCOUNT__0000111,CARD_ID_0000198,,2023-01-02 16:31:52,196.25825188366167,EUR,0.9449147095872442,REFUND,REVERSED
TXN_ID_0000375,ACCOUNT__0000233,CARD_ID_0000259,,2023-01-02 23:57:58,129.15983421026561,USD,1.1733192111857393,CREDIT,DECLINED
TXN_ID_0000376,ACCOUNT__0000097,,MERCHANT_0000088,2023-01-05 03:32:46,533.2492696546913,GBP,0.2392088543444872,FEE,PENDING
TXN_ID_0000377,ACCOUNT__0000057,CARD_ID_0000236,,2023-01-01 18:24:34,271.146593716218,GBP,0.5065938016337843,DEBIT,PENDING
TXN_ID_0000378,ACCOUNT__0000182,CARD_ID_0000078,MERCHANT_0000056,2023-01-07 14:01:39,192.5573367947051,GBP,0.5256653225769071,DEBIT,DECLINED
TXN_ID_0000379,ACCOUNT__0000217,,,2023-01-03 13:32:05,336.11811461801096,GBP,0.6581693631032238,FEE,PENDING
TXN_ID_0000380,ACCOUNT__0000026,CARD_ID_0000057,MERCHANT_0000007,2023-01-01 20:28:41,325.7396227218009,USD,0.6993809455491916,REFUND,POSTED
TXN_ID_0000381,ACCOUNT__0000208,CARD_ID_0000052,MERCHANT_0000089,2023-01-04 16:13:18,281.58717061539375,USD,0.347825763165708,REFUND,REVERSED
TXN_ID_0000382,ACCOUNT__0000002,,MERCHANT_0000090,2023-01-08 23:17:18,271.43221850774097,USD,1.1001345102942839,CREDIT,POSTED
TXN_ID_0000383,ACCOUNT__0000162,CARD_ID_0000086,,2023-01-06 22:40:28,86.72126087305715,USD,0.6378227391680861,REFUND,PENDING
TXN_ID_0000384,ACCOUNT__0000091,CARD_ID_0000040,,2023-01-01 12:55:06,336.0938430965484,HKD,0.753979978196896,FEE,POSTED
TXN_ID_0000385,ACCOUNT__0000242,,MERCHANT_0000073,2023-01-09 16:09:40,554.7128255836532,EUR,0.6920380271849537,CREDIT,POSTED
TXN_ID_0000386,ACCOUNT__0000049,,MERCHANT_0000043,2023-01-06 21:55:02,279.1000103224104,USD,0.7139151283007358,FEE,REVERSED
TXN_ID_0000387,ACCOUNT__0000187,CARD_ID_0000181,MERCHANT_0000043,2023-01-07 16:54:45,435.6512519915496,EUR,1.095318505263,FEE,PENDING
TXN_ID_0000388,ACCOUNT__0000139,CARD_ID_0000373,MERCHANT_0000019,2023-01-06 09:35:50,480.7304365856272,AUD,0.28154744462816417,FEE,PENDING
TXN_ID_0000389,ACCOUNT__0000126,CARD_ID_0000357,MERCHANT_0000047,2023-01-03 22:10:29,419.0173631886735,USD,1.1516514155583284,DEBIT,REVERSED
TXN_ID_0000390,ACCOUNT__0000279,CARD_ID_0000231,MERCHANT_0000068,2023-01-03 13:02:30,154.81809722293556,AUD,1.0801545460103403,FEE,DECLINED
TXN_ID_0000391,ACCOUNT__0000142,CARD_ID_0000022,MERCHANT_0000090,2023-01-05 14:04:09,468.5456197240996,USD,0.9810062078899114,REFUND,REVERSED
TXN_ID_0000392,ACCOUNT__0000057,CARD_ID_0000256,MERCHANT_0000019,2023-01-07 01:54:29,384.029072086145,GBP,0.440066500585234,CREDIT,REVERSED
TXN_ID_0000393,ACCOUNT__0000250,CARD_ID_0000151,,2023-01-01 22:00:42,128.354904100925,EUR,0.2620762695142388,FEE,REVERSED
TXN_ID_0000394,ACCOUNT__0000003,CARD_ID_0000339,MERCHANT_0000007,2023-01-04 11:19:07,84.45190961767248,EUR,0.9702317298139725,CREDIT,PENDING
TXN_ID_0000395,ACCOUNT__0000139,,MERCHANT_0000056,2023-01-08 12:32:32,514.9203002901073,USD,0.16438625794872794,REFUND,POSTED
TXN_ID_0000396,ACCOUNT__0000198,CARD_ID_0000051,MERCHANT_0000039,2023-01-08 15:59:00,179.87079406586315,GBP,0.8564478358421299,REFUND,POSTED
TXN_ID_0000397,ACCOUNT__0000103,CARD_ID_0000214,MERCHANT_0000039,2023-01-05 02:55:11,55.707256797550436,GBP,0.8023011452215549,CREDIT,DECLINED
TXN_ID_0000398,ACCOUNT__0000224,,MERCHANT_0000089,2023-01-05 05:19:37,286.35406825010637,AUD,0.512588120931129,REFUND,DECLINED
TXN_ID_0000399,ACCOUNT__0000239,CARD_ID_0000211,MERCHANT_0000072,2023-01-01 17:46:45,536.5567021919302,GBP,0.9387664072992397,REFUND,POSTED
TXN_ID_0000400,ACCOUNT__0000298,CARD_ID_0000066,MERCHANT_0000073,2023-01-04 23:31:32,38.025118254626875,EUR,0.26475134947261264,DEBIT,DECLINED
TXN_ID_0000401,ACCOUNT__0000266,CARD_ID_0000028,,2023-01-04 16:46:38,466.1867005331419,AUD,0.4868272963609059,DEBIT,REVERSED
TXN_ID_0000402,ACCOUNT__0000290,CARD_ID_0000170,MERCHANT_0000016,2023-01-08 12:21:55,380.43876915959794,SGD,0.18673168510707275,CREDIT,POSTED
TXN_ID_0000403,ACCOUNT__0000288,CARD_ID_0000254,,2023-01-09 14:53:22,361.27697274848083,USD,0.802216224988201,DEBIT,DECLINED
TXN_ID_0000404,ACCOUNT__0000103,,,2023-01-08 17:57:00,493.7643333096093,GBP,0.39451051196898673,DEBIT,DECLINED
TXN_ID_0000405,ACCOUNT__0000013,CARD_ID_0000228,MERCHANT_0000016,2023-01-05 01:26:32,231.61337080427492,HKD,1.007689924324846,REFUND,DECLINED
TXN_ID_0000406,ACCOUNT__0000064,CARD_ID_0000326,,2023-01-03 03:21:08,459.93038043116076,AUD,0.3127297762581783,CREDIT,DECLINED
TXN_ID_0000407,ACCOUNT__0000246,CARD_ID_0000342,,2023-01-08 13:34:23,280.3697212009704,AUD,0.5485724658729749,DEBIT,DECLINED
TXN_ID_0000408,ACCOUNT__0000214,CARD_ID_0000076,,2023-01-06 23:13:05,74.74976335958618,USD,0.7511757391240811,DEBIT,DECLINED
TXN_ID_0000409,ACCOUNT__0000022,CARD_ID_0000182,MERCHANT_0000060,2023-01-10 04:41:28,261.2801221699459,USD,0.29939654575876884,CREDIT,REVERSED
TXN_ID_0000410,ACCOUNT__0000269,CARD_ID_0000033,,2023-01-03 06:10:57,202.55465197002337,SGD,0.4930414521816779,CREDIT,REVERSED
TXN_ID_0000411,ACCOUNT__0000156,CARD_ID_0000035,MERCHANT_0000083,2023-01-07 06:59:03,216.15228806696152,GBP,0.8350998369082864,REFUND,POSTED
TXN_ID_0000412,ACCOUNT__0000166,CARD_ID_0000298,MERCHANT_0000080,2023-01-06 07:41:27,45.76483923776758,USD,0.9141789266491103,CREDIT,PENDING
TXN_ID_0000413,ACCOUNT__0000055,CARD_ID_0000348,MERCHANT_0000098,2023-01-04 05:31:21,549.7026105531785,EUR,0.9139323460407351,CREDIT,PENDING
TXN_ID_0000414,ACCOUNT__0000090,CARD_ID_0000197,MERCHANT_0000054,2023-01-02 04:49:56,42.65254478875434,USD,0.1700375541752426,DEBIT,DECLINED
TXN_ID_0000415,ACCOUNT__0000192,CARD_ID_0000016,MERCHANT_0000042,2023-01-02 17:26:30,393.847237932716,USD,1.1880918243677425,CREDIT,POSTED
TXN_ID_0000416,ACCOUNT__0000130,CARD_ID_0000348,MERCHANT_0000026,2023-01-03 09:17:43,247.8857492046916,GBP,0.975304512796972,DEBIT,PENDING
TXN_ID_0000417,ACCOUNT__0000050,CARD_ID_0000072,MERCHANT_0000047,2023-01-06 08:55:47,321.9147081668625,EUR,0.49456110371854634,FEE,POSTED
TXN_ID_0000418,ACCOUNT__0000107,CARD_ID_0000243,MERCHANT_0000046,2023-01-08 22:13:42,504.7153003932652,EUR,0.9877076017994842,FEE,DECLINED
TXN_ID_0000419,ACCOUNT__0000193,CARD_ID_0000292,,2023-01-07 16:44:32,172.97218118349852,USD,0.376713650935013,REFUND,PENDING
TXN_ID_0000420,ACCOUNT__0000115,CARD_ID_0000149,MERCHANT_0000033,2023-01-06 03:48:11,396.35523262906605,USD,1.0624764694192512,REFUND,PENDING
TXN_ID_0000421,ACCOUNT__0000274,CARD_ID_0000266,MERCHANT_0000065,2023-01-05 05:01:46,228.66964199902614,USD,0.8763441618847471,DEBIT,DECLINED
TXN_ID_0000422,ACCOUNT__0000135,CARD_ID_0000017,MERCHANT_0000034,2023-01-03 20:29:11,192.99949687158656,SGD,0.2790388321021917,REFUND,PENDING
TXN_ID_0000423,ACCOUNT__0000121,CARD_ID_0000289,MERCHANT_0000090,2023-01-01 20:22:59,199.2338332388729,USD,0.5753769873083974,DEBIT,DECLINED
TXN_ID_0000424,ACCOUNT__0000067,CARD_ID_0000022,,2023-01-07 10:43:39,288.4437523687082,AUD,0.5917216525303131,REFUND,POSTED
TXN_ID_0000425,ACCOUNT__0000011,CARD_ID_0000014,MERCHANT_0000026,2023-01-07 21:40:34,343.88860085943634,USD,0.861446721476154,DEBIT,DECLINED
TXN_ID_0000426,ACCOUNT__0000027,CARD_ID_0000194,MERCHANT_0000056,2023-01-09 22:21:45,243.89872022400812,USD,0.5986095544416608,REFUND,REVERSED
TXN_ID_0000427,ACCOUNT__0000100,CARD_ID_0000030,MERCHANT_0000012,2023-01-08 13:31:50,14.042382126747999,GBP,0.9352488981225996,DEBIT,PENDING
TXN_ID_0000428,ACCOUNT__0000128,CARD_ID_0000040,,2023-01-06 17:49:19,108.09730300941825,USD,0.5041441867097104,CREDIT,REVERSED
TXN_ID_0000429,ACCOUNT__0000067,CARD_ID_0000246,MERCHANT_0000085,2023-01-02 08:27:14,50.62239558983342,HKD,0.350271228474187,REFUND,POSTED
TXN_ID_0000430,ACCOUNT__0000228,CARD_ID_0000188,MERCHANT_0000038,2023-01-09 08:28:15,143.1794941243124,EUR,0.47117907551389704,DEBIT,PENDING
TXN_ID_0000431,ACCOUNT__0000178,CARD_ID_0000362,MERCHANT_0000063,2023-01-04 19:34:34,51.7630113755207,HKD,1.0303251262326096,CREDIT,REVERSED
TXN_ID_0000432,ACCOUNT__0000284,CARD_ID_0000191,MERCHANT_0000019,2023-01-01 20:31:49,547.8172000099759,AUD,0.8254016524380847,FEE,PENDING
TXN_ID_0000433,ACCOUNT__0000011,CARD_ID_0000018,MERCHANT_0000076,2023-01-06 01:58:58,174.17768528825886,HKD,0.19390044434837211,FEE,DECLINED
TXN_ID_0000434,ACCOUNT__0000010,CARD_ID_0000197,MERCHANT_0000029,2023-01-03 22:00:23,217.6988284827126,AUD,0.6997663733059004,REFUND,PENDING
TXN_ID_0000435,ACCOUNT__0000278,CARD_ID_0000014,MERCHANT_0000097,2023-01-05 12:00:50,517.3683235401578,HKD,0.9969607447538571,CREDIT,PENDING
TXN_ID_0000436,ACCOUNT__0000175,CARD_ID_0000319,MERCHANT_0000055,2023-01-10 06:29:09,520.604411636152,SGD,0.9939144645396985,FEE,REVERSED
TXN_ID_0000437,ACCOUNT__0000274,CARD_ID_0000294,MERCHANT_0000099,2023-01-07 17:13:39,151.94554080550145,HKD,0.6300457461016492,CREDIT,POSTED
TXN_ID_0000438,ACCOUNT__0000008,CARD_ID_0000350,MERCHANT_0000011,2023-01-04 10:52:53,433.89357127142483,USD,0.7410584164576476,DEBIT,REVERSED
TXN_ID_0000439,ACCOUNT__0000186,CARD_ID_0000129,MERCHANT_0000099,2023-01-08 19:10:33,15.305022512040924,USD,0.8370308292914825,REFUND,POSTED
TXN_ID_0000440,ACCOUNT__0000228,CARD_ID_0000226,,2023-01-01 20:51:41,541.1858493077464,GBP,1.0334281036672814,CREDIT,DECLINED
TXN_ID_0000441,ACCOUNT__0000030,CARD_ID_0000041,MERCHANT_0000079,2023-01-08 02:42:15,181.6856336164567,USD,0.3223901834790962,REFUND,REVERSED
TXN_ID_0000442,ACCOUNT__0000254,,MERCHANT_0000019,2023-01-08 22:04:26,370.27195029588927,USD,0.830422887214995,CREDIT,DECLINED
TXN_ID_0000443,ACCOUNT__0000297,CARD_ID_0000284,MERCHANT_0000008,2023-01-10 02:12:39,555.5720820938698,HKD,0.14724644605722242,REFUND,PENDING
TXN_ID_0000444,ACCOUNT__0000121,CARD_ID_0000040,MERCHANT_0000015,2023-01-07 14:55:59,51.213799105538115,USD,0.7402915061813182,FEE,PENDING
TXN_ID_0000445,ACCOUNT__0000219,CARD_ID_0000074,,2023-01-08 18:52:30,443.1727007120717,USD,0.5667071802929764,REFUND,DECLINED
TXN_ID_0000446,ACCOUNT__0000151,CARD_ID_0000083,MERCHANT_0000038,2023-01-03 05:47:32,511.3977717463816,USD,0.7816708161404967,REFUND,REVERSED
TXN_ID_0000447,ACCOUNT__0000111,CARD_ID_0000299,,2023-01-10 05:37:18,91.26618931197335,SGD,0.8246569232935912,DEBIT,POSTED
TXN_ID_0000448,ACCOUNT__0000290,CARD_ID_0000295,MERCHANT_0000094,2023-01-06 11:51:28,305.74051222037286,USD,1.0699731761567244,DEBIT,DECLINED
TXN_ID_0000449,ACCOUNT__0000269,CARD_ID_0000163,MERCHANT_0000074,2023-01-04 23:26:41,510.9548411822467,USD,0.9849363704873504,REFUND,POSTED
TXN_ID_0000450,ACCOUNT__0000234,CARD_ID_0000060,MERCHANT_0000057,2023-01-10 07:31:34,536.6211111578723,GBP,0.21526837659346704,DEBIT,REVERSED
TXN_ID_0000451,ACCOUNT__0000248,CARD_ID_0000230,MERCHANT_0000030,2023-01-08 07:54:58,465.0433390920708,HKD,1.1205171344075278,CREDIT,DECLINED
TXN_ID_0000452,ACCOUNT__0000300,CARD_ID_0000311,MERCHANT_0000037,2023-01-05 13:34:23,181.58515292448666,USD,0.5804941716073284,CREDIT,DECLINED
TXN_ID_0000453,ACCOUNT__0000102,CARD_ID_0000233,,2023-01-02 21:15:56,239.3720198329682,SGD,0.8911786056699895,FEE,PENDING
TXN_ID_0000454,ACCOUNT__0000065,CARD_ID_0000221,,2023-01-03 10:42:24,554.4483163413972,USD,1.0575615878877143,FEE,DECLINED
TXN_ID_0000455,ACCOUNT__0000182,,MERCHANT_0000031,2023-01-10 01:27:48,170.3056282784406,USD,1.012445674622347,REFUND,PENDING
TXN_ID_0000456,ACCOUNT__0000024,,MERCHANT_0000058,2023-01-06 09:10:36,356.40384660317875,SGD,0.596188454475563,FEE,POSTED
TXN_ID_0000457,ACCOUNT__0000094,CARD_ID_0000302,MERCHANT_0000066,2023-01-02 10:29:19,92.46940383630204,USD,0.7645616566819329,FEE,DECLINED
TXN_ID_0000458,ACCOUNT__0000165,CARD_ID_0000261,MERCHANT_0000036,2023-01-02 14:18:25,136.5933450273254,GBP,0.18166810351327456,FEE,REVERSED
TXN_ID_0000459,ACCOUNT__0000166,CARD_ID_0000388,,2023-01-03 03:47:32,31.62683771113993,HKD,1.0741510576639304,CREDIT,DECLINED
TXN_ID_0000460,ACCOUNT__0000266,CARD_ID_0000316,MERCHANT_0000045,2023-01-04 21:02:04,99.82428427324383,USD,0.6507002262744375,CREDIT,POSTED
TXN_ID_0000461,ACCOUNT__0000148,CARD_ID_0000133,MERCHANT_0000097,2023-01-02 16:59:34,518.3704926913122,AUD,0.2808733438901181,CREDIT,POSTED
TXN_ID_0000462,ACCOUNT__0000015,CARD_ID_0000021,MERCHANT_0000070,2023-01-07 22:45:45,449.14408908870564,USD,1.020779809280977,DEBIT,REVERSED
TXN_ID_0000463,ACCOUNT__0000105,CARD_ID_0000293,MERCHANT_0000057,2023-01-07 17:48:16,78.08755467323473,GBP,1.112254856432139,DEBIT,DECLINED
TXN_ID_0000464,ACCOUNT__0000222,CARD_ID_0000045,MERCHANT_0000036,2023-01-10 07:11:13,377.29663945532695,HKD,0.989895957146598,CREDIT,PENDING
TXN_ID_0000465,ACCOUNT__0000168,,MERCHANT_0000059,2023-01-09 01:45:57,414.14024238536894,AUD,0.20927469951127822,REFUND,PENDING
TXN_ID_0000466,ACCOUNT__0000222,,MERCHANT_0000067,2023-01-05 06:34:11,113.50487036667181,GBP,1.0262694921270286,DEBIT,PENDING
TXN_ID_0000467,ACCOUNT__0000126,,MERCHANT_0000029,2023-01-09 14:12:36,116.41658417735437,GBP,0.6484226739469146,CREDIT,DECLINED
TXN_ID_0000468,ACCOUNT__0000145,,MERCHANT_0000012,2023-01-07 16:28:06,481.22197309427634,SGD,0.13342155020476204,DEBIT,DECLINED
TXN_ID_0000469,ACCOUNT__0000286,CARD_ID_0000364,,2023-01-06 11:52:51,387.9218852936119,AUD,0.8051982310024788,CREDIT,REVERSED
TXN_ID_0000470,ACCOUNT__0000248,CARD_ID_0000093,MERCHANT_0000030,2023-01-04 23:10:05,376.8886547275674,GBP,0.8041294231240804,REFUND,DECLINED
TXN_ID_0000471,ACCOUNT__0000152,,,2023-01-04 21:45:25,239.90610582085864,GBP,0.3947139960437078,FEE,PENDING
TXN_ID_0000472,ACCOUNT__0000091,CARD_ID_0000164,MERCHANT_0000045,2023-01-09 21:05:24,228.0462543644575,USD,1.073923449572924,FEE,DECLINED
TXN_ID_0000473,ACCOUNT__0000121,,MERCHANT_0000028,2023-01-06 09:12:53,42.03299850661236,SGD,0.40991762058614395,REFUND,DECLINED
TXN_ID_0000474,ACCOUNT__0000201,CARD_ID_0000218,MERCHANT_0000007,2023-01-04 16:14:11,276.256224025749,USD,0.8108048264370955,DEBIT,REVERSED
TXN_ID_0000475,ACCOUNT__0000230,CARD_ID_0000294,MERCHANT_0000069,2023-01-03 22:08:37,438.42292934541035,USD,1.1660336423384785,REFUND,POSTED
TXN_ID_0000476,ACCOUNT__0000277,,MERCHANT_0000049,2023-01-02 12:22:16,438.90908954783436,USD,0.507389678437419,DEBIT,PENDING
TXN_ID_0000477,ACCOUNT__0000266,CARD_ID_0000275,,2023-01-03 07:48:38,470.7392023871682,USD,0.8980679398431469,REFUND,POSTED
TXN_ID_0000478,ACCOUNT__0000192,CARD_ID_0000111,MERCHANT_0000032,2023-01-01 14:03:23,28.395347329104705,USD,1.1361800565824973,DEBIT,DECLINED
TXN_ID_0000479,ACCOUNT__0000249,,MERCHANT_0000004,2023-01-04 05:04:37,356.8028601257877,AUD,0.16614247479684888,DEBIT,DECLINED
TXN_ID_0000480,ACCOUNT__0000206,,MERCHANT_0000035,2023-01-02 10:49:01,50.70468571223666,GBP,0.8827334891688301,FEE,PENDING
TXN_ID_0000481,ACCOUNT__0000008,CARD_ID_0000278,MERCHANT_0000020,2023-01-02 13:54:58,414.3341790504007,SGD,0.3378839658176506,REFUND,REVERSED
TXN_ID_0000482,ACCOUNT__0000218,CARD_ID_0000012,MERCHANT_0000059,2023-01-03 21:06:51,63.47308911938128,HKD,0.7465352643608925,FEE,REVERSED
TXN_ID_0000483,ACCOUNT__0000220,,MERCHANT_0000072,2023-01-04 19:13:09,275.0672597874647,HKD,0.7005281768892335,CREDIT,DECLINED
TXN_ID_0000484,ACCOUNT__0000009,CARD_ID_0000373,MERCHANT_0000048,2023-01-08 01:17:12,402.5901716107862,GBP,0.7483310524631585,DEBIT,DECLINED
TXN_ID_0000485,ACCOUNT__0000119,CARD_ID_0000245,MERCHANT_0000083,2023-01-05 04:33:18,191.83816439129293,EUR,1.174124647598631,DEBIT,POSTED
TXN_ID_0000486,ACCOUNT__0000107,CARD_ID_0000251,MERCHANT_0000011,2023-01-03 03:14:55,230.8620826675995,EUR,0.6900440658900489,CREDIT,PENDING
TXN_ID_0000487,ACCOUNT__0000253,CARD_ID_0000160,MERCHANT_0000020,2023-01-01 20:43:03,185.77580442266296,GBP,0.5649916832329918,DEBIT,REVERSED
TXN_ID_0000488,ACCOUNT__0000108,CARD_ID_0000251,MERCHANT_0000041,2023-01-09 07:59:40,138.51024480531834,GBP,0.646806076842854,DEBIT,PENDING
TXN_ID_0000489,ACCOUNT__0000218,CARD_ID_0000193,,2023-01-01 14:03:06,97.89435251240701,SGD,0.3078307617543886,FEE,PENDING
TXN_ID_0000490,ACCOUNT__0000020,CARD_ID_0000254,,2023-01-07 18:52:51,277.1871473426801,SGD,0.7153810033754828,FEE,PENDING
TXN_ID_0000491,ACCOUNT__0000152,,MERCHANT_0000093,2023-01-09 15:10:53,158.0158595081253,USD,1.0818132497939916,CREDIT,POSTED
TXN_ID_0000492,ACCOUNT__0000149,CARD_ID_0000105,MERCHANT_0000092,2023-01-05 22:13:07,294.9379509865608,USD,0.625281777570846,REFUND,POSTED
TXN_ID_0000493,ACCOUNT__0000085,CARD_ID_0000243,,2023-01-06 11:20:25,107.34301832629374,GBP,1.1928420394313668,DEBIT,REVERSED
TXN_ID_0000494,ACCOUNT__0000097,,,2023-01-06 23:39:30,191.0658744330338,USD,0.6315026899134089,CREDIT,PENDING
TXN_ID_0000495,ACCOUNT__0000180,CARD_ID_0000116,MERCHANT_0000002,2023-01-03 18:11:38,159.93120911515837,EUR,1.0588596795946152,REFUND,REVERSED
TXN_ID_0000496,ACCOUNT__0000207,CARD_ID_0000288,MERCHANT_0000085,2023-01-03 21:05:29,51.228083434257464,USD,0.9118041437982943,REFUND,POSTED
TXN_ID_0000497,ACCOUNT__0000135,CARD_ID_0000065,MERCHANT_0000076,2023-01-09 05:54:13,430.97896992187947,USD,0.9560171904648708,REFUND,DECLINED
TXN_ID_0000498,ACCOUNT__0000108,,MERCHANT_0000028,2023-01-02 12:41:15,521.1452337544384,AUD,0.28336666521695003,FEE,PENDING
TXN_ID_0000499,ACCOUNT__0000166,,MERCHANT_0000018,2023-01-07 15:07:41,453.68976464859014,GBP,0.6347073131053567,REFUND,PENDING
TXN_ID_0000500,ACCOUNT__0000124,CARD_ID_0000194,MERCHANT_0000091,2023-01-07 04:17:06,204.27788507146124,EUR,0.46915995909149555,DEBIT,POSTED
